Algorithm,web-Google,soc-Epinions1,soc-Slashdot0902,p2p-Gnutella31,email-EuAll,road-luxembourg-osm,wiki-Talk,road-roadNet-PA,road-belgium-osm,road-roadNet-CA,road-netherlands-osm,soc-LiveJournal1,cit-Patents,wiki-topcats,soc-Pokec,amazon,com-lj,com-youtube,dblp
baseline_degree1_SF_10_12_L1,0.071513,0.007845,0.012056,0.004237,0.011909,0.005938,0.089884,0.050660,0.064158,0.091186,0.070578,0.912196,0.255213,0.366508,0.375743,0.102107,0.448978,0.066308,0.177811
baseline_degree1_SF_10_12,0.128293,0.013205,0.020443,0.007670,0.022135,0.010896,0.166966,0.096106,0.122604,0.171930,0.135396,1.625485,0.465382,0.653512,0.713585,0.185010,0.819362,0.117825,0.321475
baseline_degree1_SF_10_12_L0,0.040328,0.004924,0.007360,0.002966,0.006808,0.003511,0.073530,0.027537,0.034798,0.049418,0.060518,0.680281,0.196982,0.225717,0.240401,0.078502,0.318737,0.036514,0.139314
baseline_degree1_SF_10_12_L3,0.101712,0.010654,0.016358,0.006356,0.017636,0.008703,0.132090,0.076012,0.096945,0.136085,0.107598,1.280972,0.366814,0.520528,0.567373,0.146113,0.651365,0.093364,0.253511
baseline_degree_mix_sum_2_SF_10_12_L0,0.015280,0.002398,0.002663,0.001878,0.002813,0.002048,0.023311,0.008670,0.011322,0.015948,0.015845,0.514201,0.090253,0.155393,0.162079,0.028770,0.189267,0.011945,0.058367
baseline_degree1_SF_10_12_L5,0.230721,0.024212,0.036793,0.011706,0.038216,0.017286,0.294719,0.166451,0.209544,0.293216,0.236251,2.703781,0.829548,1.113015,1.192411,0.327557,1.413175,0.208863,0.567760
baseline_degree1_SF_10_12_L2,0.202734,0.019078,0.029833,0.008713,0.026325,0.012861,0.300964,0.124874,0.154429,0.220123,0.255797,3.000249,0.927651,0.993690,1.235084,0.336194,1.444318,0.149517,0.563463
baseline_degree_mix_sum_2_SF_10_12_L1,0.014976,0.003534,0.004226,0.002667,0.003186,0.002646,0.020072,0.008072,0.009701,0.013847,0.014923,0.275009,0.058498,0.091890,0.096257,0.024252,0.114012,0.012272,0.043721
baseline_degree_mix_sum_2_SF_10_12_L3,0.114625,0.012104,0.019179,0.007000,0.018457,0.009453,0.143174,0.080686,0.102267,0.144421,0.113623,1.627455,0.421821,0.625636,0.677412,0.164695,0.773852,0.102133,0.282851
baseline_degree_mix_sum_SF_10_12_L0,0.020478,0.002909,0.003609,0.002245,0.003318,0.002401,0.030074,0.010112,0.012822,0.018219,0.017093,0.653622,0.125872,0.227961,0.238405,0.037999,0.274003,0.014881,0.077594
baseline_degree_mix_sum_SF_10_12_L1,0.019073,0.004174,0.005389,0.003229,0.003889,0.003204,0.023893,0.009803,0.011453,0.016557,0.017297,0.395963,0.073429,0.120233,0.126754,0.029656,0.146891,0.015038,0.053890
baseline_degree_mix_sum_2_SF_10_12,0.201905,0.022747,0.035096,0.010595,0.033761,0.015302,0.263047,0.144480,0.173702,0.248991,0.205546,2.639292,0.765784,1.074825,1.130648,0.297053,1.345950,0.179064,0.511615
baseline_degree_mix_sum_2_SF_10_12_L5,0.239082,0.026737,0.041405,0.012600,0.039583,0.018228,0.309933,0.174485,0.209433,0.295253,0.243575,3.106990,0.903980,1.263353,1.332447,0.350682,1.592160,0.218595,0.608299
baseline_degree_mix_sum_SF_10_12_L3,0.052770,0.005846,0.007640,0.004415,0.008903,0.005135,0.098079,0.036553,0.049615,0.071730,0.073422,1.332543,0.323759,0.486273,0.507054,0.112072,0.620471,0.045133,0.218436
baseline_degree_mix_sum_2_SF_10_12_L2,0.087853,0.009458,0.015316,0.005577,0.014317,0.007384,0.109273,0.061662,0.076882,0.108451,0.084423,1.311188,0.326151,0.492791,0.530708,0.125701,0.605804,0.077876,0.215554
baseline_degree_mix_sum_SF_10_12,0.226516,0.025155,0.039539,0.011302,0.034243,0.015957,0.281686,0.148708,0.189155,0.262280,0.214926,2.964627,0.843354,1.211307,1.286788,0.326151,1.520675,0.194021,0.549946
baseline_degree1_HY_10_2_12_L0,0.032179,0.003929,0.005905,0.002428,0.005694,0.003135,0.040226,0.022966,0.029233,0.041270,0.031214,0.447398,0.116089,0.171602,0.177624,0.045739,0.213003,0.029955,0.080535
baseline_degree_mix_sum_SF_10_12_L5,0.257978,0.029224,0.046436,0.014086,0.040761,0.018819,0.327371,0.179390,0.221990,0.304424,0.258899,3.413821,0.976719,1.403802,1.495946,0.378733,1.763047,0.225421,0.651161
baseline_degree_mix_sum_SF_10_12_L2,0.041821,0.004819,0.006282,0.003840,0.006927,0.004230,0.074817,0.026914,0.036522,0.054775,0.054288,1.099485,0.257043,0.400181,0.417128,0.087033,0.504578,0.034935,0.171009
baseline_degree1_HY_10_2_12_L1,0.124374,0.012407,0.019371,0.005898,0.016699,0.008134,0.196049,0.076282,0.094816,0.137671,0.161956,1.939247,0.585077,0.641301,0.781814,0.208172,0.929890,0.094294,0.358194
baseline_degree1_HY_10_2_12,0.128363,0.013326,0.020478,0.008220,0.022531,0.011109,0.165686,0.096197,0.124342,0.173564,0.135779,1.689856,0.463635,0.654556,0.714527,0.184650,0.815894,0.117987,0.322022
baseline_degree1_HY_10_2_12_L5,0.230067,0.024283,0.037028,0.012809,0.038304,0.017448,0.295815,0.166811,0.198515,0.279246,0.233193,2.729518,0.827340,1.108547,1.187943,0.327909,1.411219,0.206065,0.562770
baseline_degree_mix_sum_2_HY_10_2_12_L0,0.051424,0.006401,0.010308,0.003096,0.006979,0.003905,0.058855,0.029887,0.037279,0.053901,0.042150,0.836740,0.198209,0.326071,0.330779,0.072037,0.387211,0.043180,0.124876
baseline_degree_mix_sum_2_HY_10_2_12_L3,0.114599,0.012088,0.019344,0.006970,0.018512,0.009479,0.148262,0.080807,0.102324,0.145141,0.114198,1.543523,0.423285,0.624969,0.676867,0.164040,0.774671,0.102278,0.286134
baseline_degree_mix_sum_2_HY_10_2_12_L1,0.091702,0.010414,0.016464,0.004953,0.013299,0.006725,0.110963,0.058022,0.072594,0.104323,0.081881,1.304030,0.339131,0.508223,0.529275,0.128504,0.617902,0.080532,0.222241
baseline_degree_mix_sum_HY_10_2_12_L0,0.020579,0.002905,0.003651,0.002262,0.003358,0.002437,0.029312,0.010128,0.012877,0.018252,0.017097,0.673414,0.126093,0.227978,0.238445,0.038086,0.274171,0.014911,0.077467
baseline_degree_mix_sum_2_HY_10_2_12_L5,0.167773,0.017255,0.027412,0.009851,0.027749,0.013742,0.213634,0.120899,0.153495,0.216347,0.172600,2.185598,0.617222,0.889886,0.970388,0.242532,1.109901,0.150889,0.416829
baseline_degree1_HY_10_2_12_L2,0.031314,0.003677,0.004641,0.002994,0.005897,0.003543,0.063211,0.024997,0.033325,0.049054,0.050406,0.650199,0.185822,0.254844,0.264457,0.068955,0.335418,0.029152,0.134607
baseline_degree_mix_sum_HY_10_2_12_L2,0.151605,0.017048,0.027082,0.007603,0.021157,0.010247,0.179035,0.093992,0.117137,0.169078,0.133539,2.073086,0.551523,0.847429,0.888209,0.208553,1.037927,0.127807,0.360436
baseline_degree1_HY_10_2_12_L3,0.042111,0.004691,0.006317,0.003705,0.007793,0.004414,0.086605,0.033043,0.045695,0.067713,0.069251,0.875417,0.251677,0.342133,0.354582,0.093971,0.451475,0.039667,0.179508
baseline_degree_mix_sum_HY_10_2_12,0.222433,0.025082,0.039497,0.011326,0.034254,0.015969,0.276096,0.152107,0.190180,0.261448,0.217582,3.012026,0.838634,1.217796,1.286087,0.320291,1.518962,0.192114,0.553073
baseline_degree_mix_sum_HY_10_2_12_L3,0.183846,0.021161,0.033315,0.009620,0.027798,0.013237,0.227645,0.122505,0.149530,0.220242,0.175824,2.504737,0.694726,1.025000,1.088421,0.266037,1.281022,0.163306,0.459667
baseline_degree_mix_sum_HY_10_2_12_L1,0.147305,0.017167,0.026985,0.007513,0.019615,0.009474,0.209929,0.086210,0.107035,0.153512,0.161388,2.253822,0.635541,0.827052,0.946891,0.239449,1.104183,0.115425,0.394870
baseline_degree_mix_sum_2_HY_10_2_12,0.197934,0.020684,0.032440,0.009853,0.029902,0.013965,0.253018,0.132732,0.160522,0.235855,0.199190,2.576075,0.733603,1.026337,1.090062,0.286005,1.302121,0.172559,0.493940
baseline_degree1_SF_10_HY_10_2_12_L0,0.022325,0.002930,0.004207,0.002069,0.004491,0.002523,0.028084,0.016682,0.020991,0.029364,0.021872,0.365655,0.078822,0.124089,0.128014,0.032714,0.148636,0.021058,0.055425
baseline_degree_mix_sum_2_HY_10_2_12_L2,0.239283,0.023675,0.037490,0.010049,0.029439,0.014276,0.337427,0.139823,0.169199,0.251058,0.272631,3.654365,1.069953,1.258036,1.533338,0.383287,1.757312,0.174881,0.642208
baseline_degree1_SF_10_HY_10_2_12_L1,0.020296,0.002541,0.003063,0.002082,0.004253,0.002480,0.039817,0.015471,0.021216,0.030803,0.031076,0.497104,0.119141,0.168816,0.174817,0.043871,0.218835,0.018891,0.084583
baseline_degree1_SF_10_HY_10_2_12_L2,0.112810,0.011934,0.018201,0.006149,0.018709,0.008712,0.142000,0.080160,0.101060,0.138956,0.112170,1.366575,0.404500,0.554948,0.586553,0.160725,0.692518,0.101361,0.278646
baseline_degree1_SF_10_HY_10_2_12_L3,0.153708,0.015987,0.024439,0.007993,0.025316,0.011607,0.193604,0.109169,0.137848,0.196072,0.152747,1.835682,0.539404,0.746980,0.782578,0.217040,0.929933,0.137637,0.375278
baseline_degree_mix_sum_HY_10_2_12_L5,0.253471,0.026866,0.042315,0.012357,0.037054,0.017268,0.318049,0.166554,0.208325,0.288141,0.248604,3.337576,0.944623,1.332618,1.425172,0.362857,1.695637,0.211667,0.630526
baseline_degree1_SF_10_HY_10_2_12,0.185597,0.020181,0.030726,0.009980,0.031756,0.014471,0.245382,0.136209,0.169090,0.236104,0.195035,2.301694,0.684696,0.925149,0.980699,0.271786,1.169110,0.172839,0.471707
baseline_degree_mix_sum_2_SF_10_HY_10_2_12_L1,0.061235,0.007064,0.011154,0.004285,0.009822,0.005152,0.076980,0.040509,0.051260,0.072527,0.056995,1.035868,0.227883,0.361449,0.383976,0.086657,0.437144,0.053523,0.148699
baseline_degree_mix_sum_2_SF_10_HY_10_2_12_L0,0.048039,0.005917,0.009665,0.003122,0.006684,0.003870,0.056360,0.027310,0.036139,0.049333,0.040382,0.840936,0.189811,0.305771,0.326441,0.068935,0.372439,0.040010,0.119955
baseline_degree_mix_sum_2_SF_10_HY_10_2_12,0.209520,0.022661,0.035179,0.010694,0.033366,0.015358,0.259128,0.145311,0.182234,0.248081,0.206449,2.634168,0.767569,1.066230,1.134443,0.301985,1.350574,0.187188,0.511822
baseline_degree_mix_sum_SF_10_HY_10_2_12_L1,0.110151,0.012879,0.020955,0.005790,0.014833,0.007552,0.126466,0.064594,0.080104,0.116358,0.092446,1.637469,0.416557,0.649286,0.687540,0.154647,0.789565,0.091255,0.266498
baseline_degree_mix_sum_2_SF_10_HY_10_2_12_L5,0.238799,0.026627,0.041278,0.012438,0.039709,0.018158,0.307511,0.170181,0.208773,0.296055,0.246673,3.076977,0.901000,1.257842,1.336460,0.354019,1.591367,0.210073,0.609659
baseline_degree_mix_sum_SF_10_HY_10_2_12_L0,0.047824,0.005869,0.012626,0.003340,0.006135,0.003803,0.051532,0.025817,0.031839,0.046973,0.035711,0.982818,0.187570,0.333138,0.348559,0.066470,0.394440,0.038659,0.113109
baseline_degree_mix_sum_2_SF_10_HY_10_2_12_L2,0.252436,0.027357,0.041764,0.011990,0.038596,0.018234,0.402712,0.167677,0.206737,0.291503,0.327925,3.495822,1.045373,1.290572,1.478833,0.435184,1.735092,0.212249,0.720987
baseline_degree_mix_sum_SF_10_HY_10_2_12_L2,0.088392,0.010524,0.016015,0.006962,0.014985,0.008359,0.102021,0.058214,0.073169,0.102961,0.077843,1.379097,0.320142,0.511574,0.549192,0.120203,0.614441,0.076736,0.206203
baseline_degree_mix_sum_SF_10_HY_10_2_12,0.225217,0.024946,0.039315,0.011216,0.034676,0.015818,0.282259,0.147170,0.184983,0.257821,0.217227,3.013854,0.839032,1.214531,1.286420,0.323622,1.516118,0.195400,0.556119
baseline_degree1_SF_10_12_L2,0.110432,0.011974,0.018232,0.006178,0.018514,0.008780,0.141950,0.080089,0.101087,0.143905,0.112389,1.383387,0.398798,0.556583,0.580229,0.160234,0.694517,0.101305,0.278579
baseline_degree1_SF_10_12,0.129510,0.013221,0.020425,0.007705,0.022140,0.010951,0.166676,0.096325,0.122418,0.172167,0.136544,1.685665,0.464384,0.653385,0.713603,0.185017,0.817461,0.117744,0.319640
baseline_degree_mix_sum_SF_10_HY_10_2_12_L5,0.260002,0.029119,0.045737,0.013150,0.041018,0.018847,0.332397,0.179190,0.212095,0.302487,0.258669,3.441187,0.978247,1.402213,1.494051,0.374241,1.759531,0.224539,0.649407
baseline_degree1_SF_10_12_L1,0.071391,0.007849,0.011952,0.004259,0.011842,0.005855,0.089836,0.050367,0.063842,0.090707,0.070456,0.925873,0.257515,0.360974,0.381143,0.101912,0.447391,0.064530,0.175455
baseline_degree1_SF_10_HY_10_2_12_L5,0.232639,0.024041,0.036819,0.011810,0.038504,0.017286,0.294491,0.160788,0.207803,0.293460,0.235320,2.718472,0.826919,1.116197,1.177188,0.329234,1.417245,0.209761,0.565737
baseline_degree_mix_sum_2_SF_10_12_L1,0.061237,0.006879,0.011007,0.004028,0.009457,0.005206,0.073628,0.040509,0.051131,0.072515,0.056654,0.991814,0.227631,0.360099,0.384245,0.086192,0.436338,0.053453,0.148442
baseline_degree_mix_sum_2_SF_10_HY_10_2_12_L3,0.325158,0.035250,0.053253,0.015801,0.051510,0.024289,0.515523,0.218252,0.274754,0.385225,0.431209,4.473122,1.373903,1.635012,1.904495,0.560648,2.233085,0.275178,0.954138
baseline_degree1_SF_10_12_L5,0.187532,0.021619,0.032422,0.011549,0.034006,0.016077,0.253583,0.144975,0.186220,0.261205,0.203706,2.349733,0.664860,0.908234,0.979161,0.271385,1.157294,0.179846,0.470171
baseline_degree1_SF_10_12_L0,0.022398,0.002837,0.004394,0.001971,0.004336,0.002457,0.027960,0.016463,0.021005,0.029362,0.023196,0.440053,0.078472,0.123898,0.127901,0.031466,0.148045,0.021006,0.055369
baseline_degree_mix_sum_2_SF_10_12_L3,0.173908,0.018572,0.028931,0.008744,0.026395,0.012388,0.208839,0.116104,0.145668,0.208893,0.164915,2.217480,0.623678,0.888026,0.935417,0.239272,1.106412,0.147873,0.419472
baseline_degree_mix_sum_2_SF_10_12_L0,0.051832,0.007555,0.010331,0.003144,0.006988,0.003914,0.058832,0.029851,0.037275,0.053838,0.042072,0.826784,0.192283,0.318136,0.334062,0.071985,0.387100,0.043073,0.124760
baseline_degree1_SF_10_12_L3,0.103382,0.010681,0.016245,0.006338,0.017759,0.008703,0.134403,0.076218,0.096912,0.136138,0.106851,1.380950,0.366809,0.520543,0.567102,0.146759,0.648818,0.093358,0.253408
baseline_degree1_SF_10_12_L1,0.071831,0.007887,0.012005,0.004237,0.011986,0.005926,0.090212,0.050959,0.064587,0.091745,0.070755,0.924216,0.261773,0.361318,0.388870,0.102322,0.453769,0.065182,0.177653
baseline_degree_mix_sum_SF_10_12_L1,0.111365,0.012858,0.020828,0.005622,0.014620,0.007354,0.127174,0.064914,0.080597,0.116794,0.092857,1.649467,0.410992,0.654348,0.683805,0.154485,0.793411,0.091546,0.258895
baseline_degree_mix_sum_SF_10_12_L3,0.178438,0.019202,0.030844,0.008653,0.025007,0.011908,0.222239,0.113036,0.141195,0.203590,0.169357,2.452022,0.673908,0.977867,1.043150,0.258216,1.230662,0.152427,0.439662
baseline_degree_mix_sum_SF_10_12_L0,0.123522,0.014849,0.024632,0.005633,0.012778,0.006164,0.155389,0.057986,0.071138,0.105663,0.110334,2.343352,0.548687,0.851931,0.938707,0.192340,1.076394,0.090871,0.313444
baseline_degree_mix_sum_SF_10_12,0.153879,0.016273,0.026185,0.008951,0.024114,0.012177,0.195030,0.107306,0.135253,0.188946,0.149558,2.186268,0.574067,0.863348,0.934971,0.219322,1.062965,0.135703,0.377935
baseline_degree_mix_sum_SF_10_12_L5,0.270575,0.029208,0.045763,0.013240,0.041814,0.018827,0.331067,0.181732,0.226725,0.301570,0.255825,3.430626,0.986197,1.406263,1.492793,0.379112,1.757327,0.223141,0.648748
baseline_degree_mix_sum_2_SF_10_12_L5,0.149690,0.017011,0.025059,0.012678,0.026512,0.015379,0.180908,0.107777,0.137042,0.193572,0.142997,1.962694,0.518397,0.762944,0.834365,0.201528,0.935369,0.133917,0.349525
baseline_degree1_HY_10_2_12_L0,0.032199,0.003958,0.005871,0.002391,0.005652,0.003103,0.040197,0.022908,0.029264,0.041222,0.031082,0.488809,0.115889,0.180616,0.180798,0.045711,0.209073,0.029907,0.080449
baseline_degree_mix_sum_SF_10_12_L2,0.102118,0.011071,0.017800,0.005974,0.014728,0.007786,0.121443,0.065217,0.082062,0.117294,0.092621,2.195688,0.379630,0.597972,0.641265,0.142841,0.727575,0.086609,0.246000
baseline_degree1_HY_10_2_12_L1,0.066640,0.007366,0.011065,0.003958,0.010806,0.005348,0.086952,0.046557,0.058866,0.083917,0.068339,0.864574,0.252910,0.343739,0.364985,0.098356,0.435911,0.059829,0.171394
baseline_degree1_HY_10_2_12_L2,0.104860,0.012040,0.016819,0.005693,0.016811,0.008000,0.137038,0.073394,0.093489,0.128502,0.108481,1.342473,0.389304,0.520533,0.551800,0.154570,0.665370,0.093345,0.263547
baseline_degree_mix_sum_SF_10_HY_10_2_12_L3,0.052801,0.005754,0.007604,0.005119,0.008487,0.005150,0.098982,0.035399,0.048378,0.071342,0.073647,1.266196,0.323951,0.486047,0.509086,0.111973,0.621155,0.045072,0.218479
baseline_degree_mix_sum_2_SF_10_12_L2,0.087866,0.009438,0.017650,0.005545,0.014099,0.007297,0.108517,0.061307,0.076749,0.108482,0.085583,1.300577,0.324870,0.492896,0.530619,0.125432,0.605397,0.077888,0.216151
baseline_degree_mix_sum_2_SF_10_12,0.210837,0.022625,0.035157,0.010689,0.032946,0.015306,0.259334,0.141804,0.175388,0.255383,0.206336,2.599858,0.764369,1.069921,1.130683,0.297798,1.347069,0.177344,0.508816
baseline_degree1_HY_10_2_12_L5,0.230097,0.024251,0.036891,0.011667,0.038187,0.017271,0.293441,0.164560,0.199202,0.283266,0.235776,2.696664,0.821262,1.115072,1.187470,0.326396,1.417182,0.198410,0.563559
baseline_degree_mix_sum_2_HY_10_2_12_L2,0.087980,0.009765,0.015253,0.005380,0.014174,0.007291,0.109272,0.060707,0.077093,0.108637,0.085618,1.488432,0.325485,0.492347,0.530924,0.125409,0.605033,0.082460,0.216002
baseline_degree_mix_sum_2_HY_10_2_12,0.058302,0.006203,0.008084,0.004925,0.009848,0.005852,0.115984,0.042723,0.058999,0.087292,0.090465,1.261305,0.354492,0.501238,0.520759,0.128208,0.652989,0.053697,0.246753
baseline_degree1_HY_10_2_12,0.351063,0.032954,0.050649,0.014545,0.046190,0.022240,0.515010,0.221734,0.271397,0.388789,0.434851,4.807651,1.608544,1.683349,2.147469,0.571353,2.465857,0.256569,0.967025
baseline_degree_mix_sum_2_HY_10_2_12_L1,0.170539,0.019512,0.029953,0.008380,0.025599,0.012459,0.266969,0.110810,0.139721,0.196479,0.218423,2.549096,0.717128,0.944325,1.048405,0.290154,1.237908,0.142006,0.507502
baseline_degree_mix_sum_2_HY_10_2_12_L0,0.051420,0.006361,0.010322,0.003128,0.006975,0.003917,0.058774,0.029899,0.037249,0.053775,0.042086,0.834132,0.197953,0.319690,0.341921,0.072066,0.386723,0.043188,0.125050
baseline_degree_mix_sum_HY_10_2_12_L3,0.052862,0.005829,0.007622,0.004501,0.008612,0.005245,0.098337,0.035519,0.048436,0.073161,0.073747,1.213919,0.323613,0.486226,0.508082,0.112718,0.621847,0.044958,0.218875
baseline_degree_mix_sum_2_HY_10_2_12_L3,0.173246,0.018595,0.028983,0.008797,0.026474,0.013380,0.212058,0.117062,0.145806,0.197959,0.164958,2.170456,0.619522,0.877413,0.936112,0.241287,1.109439,0.148156,0.413518
baseline_degree_mix_sum_HY_10_2_12_L0,0.047728,0.005813,0.010039,0.003228,0.006155,0.004026,0.054429,0.025855,0.034055,0.046220,0.036720,0.936855,0.187483,0.332867,0.348126,0.066639,0.396118,0.041798,0.113482
baseline_degree_mix_sum_HY_10_2_12,0.153983,0.016274,0.025974,0.009167,0.024093,0.011982,0.193313,0.105906,0.133549,0.189089,0.150740,2.201806,0.573338,0.862553,0.934223,0.219854,1.062788,0.136714,0.379088
baseline_degree_mix_sum_HY_10_2_12_L2,0.042875,0.004766,0.006134,0.003638,0.006684,0.004217,0.076116,0.026918,0.036228,0.053338,0.054479,1.002215,0.257171,0.401876,0.417207,0.086819,0.504771,0.034844,0.170977
baseline_degree1_SF_10_HY_10_2_12_L2,0.112031,0.012002,0.018270,0.006198,0.018819,0.008813,0.141895,0.080118,0.101176,0.143906,0.112148,1.372022,0.402296,0.549354,0.574959,0.160939,0.697748,0.101354,0.273027
baseline_degree_mix_sum_HY_10_2_12_L1,0.198157,0.021959,0.034644,0.008047,0.022290,0.010652,0.260844,0.104114,0.127712,0.188944,0.200190,3.313774,0.884115,1.190162,1.390369,0.309520,1.579749,0.143015,0.514566
baseline_degree_mix_sum_HY_10_2_12_L5,0.260906,0.029181,0.045715,0.013307,0.040831,0.018889,0.333378,0.172251,0.215027,0.306140,0.254013,3.444592,0.980595,1.403792,1.489702,0.380008,1.764703,0.236482,0.653107
baseline_degree1_HY_10_2_12_L3,0.042071,0.004624,0.005920,0.003993,0.007818,0.004485,0.086668,0.032754,0.045531,0.067166,0.069480,0.867722,0.253638,0.341213,0.354590,0.094127,0.452323,0.041529,0.179909
baseline_degree1_SF_10_HY_10_2_12_L0,0.032106,0.003946,0.005862,0.002440,0.005867,0.003146,0.040359,0.022878,0.029255,0.041266,0.031200,0.502609,0.116071,0.174664,0.176498,0.045828,0.215175,0.030004,0.080511
baseline_degree_mix_sum_2_HY_10_2_12_L5,0.470251,0.049577,0.076683,0.020796,0.069093,0.032510,0.768915,0.320381,0.413018,0.574324,0.631760,6.449605,2.019796,2.335481,2.750345,0.831093,3.235307,0.392299,1.407777
baseline_degree_mix_sum_2_SF_10_HY_10_2_12_L2,0.036752,0.004252,0.005375,0.003315,0.006614,0.003889,0.069227,0.025604,0.035052,0.051433,0.052146,0.891621,0.221227,0.328049,0.341143,0.078066,0.419702,0.032126,0.151773
baseline_degree1_SF_10_HY_10_2_12,0.193960,0.020180,0.030744,0.010018,0.031929,0.014585,0.245643,0.138386,0.174284,0.235061,0.194762,2.275158,0.683115,0.922681,0.982761,0.272436,1.173397,0.173727,0.465227
baseline_degree_mix_sum_2_SF_10_HY_10_2_12_L1,0.091068,0.010422,0.016474,0.004910,0.013651,0.009054,0.108739,0.058530,0.072548,0.104299,0.081687,1.249957,0.339630,0.508176,0.537560,0.128556,0.618054,0.078396,0.222722
baseline_degree_mix_sum_2_SF_10_HY_10_2_12_L5,0.168211,0.017325,0.026991,0.009573,0.027932,0.013868,0.216068,0.120866,0.153707,0.217094,0.171914,2.260294,0.619334,0.891419,0.973037,0.244069,1.112429,0.153714,0.418146
baseline_degree1_SF_10_HY_10_2_12_L1,0.048823,0.005585,0.008307,0.003443,0.009041,0.004735,0.064051,0.035888,0.045857,0.064420,0.049577,0.723713,0.174268,0.255856,0.274900,0.069512,0.313258,0.045081,0.119965
baseline_degree1_SF_10_HY_10_2_12_L5,0.222543,0.024195,0.036825,0.011969,0.038478,0.017462,0.297884,0.163064,0.199109,0.291641,0.236796,2.738012,0.827708,1.113487,1.179623,0.332324,1.417024,0.206982,0.568379
baseline_degree_mix_sum_2_SF_10_HY_10_2_12_L0,0.087744,0.010466,0.016921,0.004218,0.010527,0.005057,0.121653,0.045287,0.056116,0.082603,0.091008,1.650448,0.405267,0.575027,0.638332,0.140991,0.749949,0.063541,0.240950
baseline_degree_mix_sum_2_SF_10_HY_10_2_12,0.059548,0.006301,0.008140,0.004769,0.010224,0.005685,0.115455,0.042811,0.059184,0.087667,0.090313,1.340615,0.353927,0.499834,0.520644,0.128681,0.652161,0.052608,0.246158
baseline_degree_mix_sum_SF_10_HY_10_2_12_L0,0.070542,0.008898,0.014703,0.003896,0.008580,0.004720,0.077249,0.036782,0.045349,0.066344,0.053008,1.209361,0.271566,0.465697,0.485666,0.098164,0.555819,0.056453,0.168985
baseline_degree_mix_sum_SF_10_HY_10_2_12_L2,0.149007,0.017041,0.027111,0.007673,0.021492,0.010381,0.176810,0.094420,0.117181,0.164119,0.134121,2.109281,0.552074,0.844986,0.882756,0.210724,1.031811,0.127865,0.364461
baseline_degree1_SF_10_HY_10_2_12_L3,0.291222,0.030387,0.045164,0.014582,0.048102,0.022928,0.494924,0.203808,0.261823,0.365215,0.414535,3.790282,1.229497,1.369226,1.611773,0.518309,1.923145,0.239465,0.884192
baseline_degree1_SF_10_12_L1,0.020476,0.002711,0.003235,0.002195,0.004130,0.002626,0.040191,0.015639,0.021450,0.030984,0.031033,0.520303,0.119049,0.168577,0.174896,0.043809,0.218705,0.018900,0.086361
baseline_degree_mix_sum_SF_10_HY_10_2_12_L5,0.183658,0.019634,0.030064,0.010599,0.029380,0.014199,0.228582,0.125838,0.160043,0.225349,0.179671,2.534047,0.671953,0.997340,1.081392,0.260851,1.231917,0.159685,0.445321
baseline_degree_mix_sum_SF_10_HY_10_2_12_L3,0.191494,0.021080,0.033301,0.009745,0.028043,0.013334,0.231048,0.123078,0.153833,0.217147,0.173873,2.569963,0.698664,1.030569,1.093994,0.271238,1.277136,0.157050,0.455902
baseline_degree_mix_sum_SF_10_HY_10_2_12_L1,0.110141,0.014240,0.020880,0.005696,0.014810,0.007388,0.127074,0.064867,0.080501,0.116782,0.092487,1.626479,0.414101,0.651460,0.683225,0.154397,0.794039,0.091676,0.258667
baseline_degree1_SF_10_12_L0,0.050045,0.005925,0.009171,0.003138,0.007169,0.003886,0.087529,0.030244,0.038023,0.054707,0.070561,0.904420,0.252260,0.303513,0.337024,0.096329,0.428858,0.039141,0.168477
baseline_degree1_SF_10_12_L5,0.063936,0.006621,0.008745,0.005033,0.011501,0.006142,0.133325,0.050251,0.069957,0.103414,0.107587,1.350425,0.384764,0.513888,0.534486,0.143838,0.683435,0.060048,0.276943
baseline_degree1_SF_10_12_L2,0.075337,0.008338,0.012259,0.005187,0.013202,0.006660,0.096290,0.056092,0.071455,0.100468,0.078130,1.291921,0.270380,0.389334,0.421201,0.108562,0.483905,0.069095,0.187643
baseline_degree_mix_sum_2_SF_10_12_L1,0.025813,0.003333,0.004083,0.002775,0.004652,0.003401,0.045721,0.019205,0.022970,0.033709,0.033220,0.750200,0.155116,0.241371,0.251611,0.053073,0.303808,0.021717,0.103867
baseline_degree_mix_sum_2_SF_10_12_L0,0.051480,0.006457,0.010323,0.003248,0.007027,0.004082,0.058829,0.029962,0.037385,0.053791,0.042112,0.849339,0.195714,0.317283,0.337538,0.072016,0.386858,0.043186,0.125019
baseline_degree1_SF_10_12,0.360619,0.038268,0.056804,0.018250,0.061005,0.028766,0.614458,0.255741,0.325011,0.455976,0.514433,4.808757,1.554463,1.713914,2.030051,0.647726,2.426699,0.307329,1.110409
baseline_degree_mix_sum_2_SF_10_12_L2,0.038108,0.004284,0.005426,0.003327,0.006363,0.003896,0.069016,0.025537,0.034956,0.051412,0.052207,0.923063,0.221166,0.327969,0.340663,0.077714,0.420262,0.031990,0.151560
baseline_degree_mix_sum_SF_10_12_L0,0.070617,0.008936,0.014728,0.003888,0.008258,0.004607,0.077251,0.036731,0.045222,0.066369,0.053073,1.199900,0.268683,0.463855,0.497047,0.098115,0.555133,0.056292,0.169285
baseline_degree_mix_sum_SF_10_12,0.063540,0.006881,0.009074,0.005525,0.010645,0.006446,0.122519,0.044177,0.060590,0.089422,0.092678,1.572808,0.390248,0.572384,0.596524,0.139122,0.738848,0.054997,0.266081
baseline_degree_mix_sum_SF_10_HY_10_2_12,0.157549,0.016356,0.026049,0.009085,0.024641,0.012014,0.190447,0.105519,0.133538,0.189371,0.150154,2.096627,0.571958,0.862904,0.934742,0.220605,1.065819,0.135589,0.379777
baseline_degree_mix_sum_2_SF_10_12_L3,0.114628,0.012128,0.019263,0.007104,0.018686,0.009306,0.143249,0.080756,0.102505,0.144505,0.114597,1.608723,0.421858,0.625199,0.677274,0.163230,0.773052,0.102180,0.283865
baseline_degree_mix_sum_2_SF_10_12_L5,0.167611,0.017483,0.027270,0.009919,0.027511,0.013593,0.214662,0.121175,0.153623,0.216507,0.174272,2.217760,0.616266,0.890973,0.970510,0.243387,1.108472,0.151025,0.416489
baseline_degree_mix_sum_SF_10_12_L1,0.194202,0.022164,0.034948,0.008125,0.022387,0.010726,0.256677,0.105084,0.127726,0.189432,0.201895,3.308024,0.887897,1.202384,1.394531,0.300191,1.581411,0.141600,0.514727
baseline_degree1_SF_10_12_L3,0.042182,0.004781,0.006072,0.003749,0.007797,0.004511,0.086399,0.033039,0.045740,0.068409,0.069455,0.936249,0.251891,0.341941,0.354732,0.093909,0.450980,0.039478,0.179684
baseline_degree_mix_sum_SF_10_12_L5,0.180665,0.019123,0.033293,0.011363,0.028783,0.014878,0.231239,0.125650,0.161856,0.225339,0.180770,2.481829,0.672404,0.995597,1.083020,0.258516,1.231846,0.160006,0.451547
baseline_degree_mix_sum_2_SF_10_12,0.212848,0.022714,0.035166,0.010975,0.033098,0.015552,0.258996,0.145376,0.178729,0.252243,0.206374,2.644592,0.759473,1.070147,1.133700,0.295270,1.349925,0.180703,0.514608
baseline_degree1_HY_10_2_12_L0,0.005825,0.002476,0.002680,0.002538,0.002438,0.002288,0.008095,0.003592,0.004599,0.005622,0.006222,0.206297,0.020932,0.030950,0.032320,0.009315,0.039241,0.005035,0.016959
baseline_degree1_HY_10_2_12_L2,0.111101,0.012068,0.019850,0.006192,0.018590,0.008799,0.141255,0.080177,0.101519,0.143909,0.112170,1.339267,0.398755,0.556233,0.576713,0.159280,0.690894,0.101369,0.273651
baseline_degree_mix_sum_SF_10_12_L3,0.068889,0.010176,0.012782,0.007097,0.013725,0.008225,0.070116,0.048826,0.062508,0.088018,0.052896,0.863922,0.209422,0.363064,0.376726,0.087964,0.407502,0.064083,0.145678
baseline_degree1_HY_10_2_12_L1,0.020558,0.002619,0.003184,0.002213,0.004082,0.002721,0.039935,0.016760,0.021488,0.032921,0.031093,0.434309,0.119282,0.168585,0.175015,0.043961,0.219046,0.018945,0.084694
baseline_degree_mix_sum_2_HY_10_2_12_L0,0.035121,0.004441,0.007130,0.002604,0.005101,0.003115,0.040547,0.023162,0.028435,0.037717,0.028972,0.578563,0.132905,0.228328,0.238067,0.048773,0.275949,0.029941,0.084239
baseline_degree1_HY_10_2_12_L3,0.042311,0.004706,0.006017,0.003681,0.007724,0.004457,0.086662,0.034429,0.045787,0.067435,0.069484,0.872798,0.251606,0.341145,0.354522,0.094008,0.451295,0.039666,0.179566
baseline_degree1_HY_10_2_12_L5,0.155263,0.015807,0.024761,0.009029,0.026669,0.012943,0.201381,0.116222,0.150217,0.208270,0.163914,2.135284,0.563081,0.786122,0.860415,0.224376,0.985617,0.143505,0.388010
baseline_degree_mix_sum_2_SF_10_HY_10_2_12_L3,0.320871,0.035179,0.053230,0.015860,0.051411,0.024229,0.513064,0.224968,0.276191,0.385410,0.425288,4.459155,1.373323,1.637274,1.901137,0.564434,2.243231,0.273707,0.950565
baseline_degree_mix_sum_2_HY_10_2_12,0.208789,0.023741,0.035097,0.010810,0.033035,0.015386,0.264087,0.140150,0.182852,0.253080,0.206495,2.663766,0.756644,1.069364,1.135585,0.294250,1.346327,0.179396,0.510604
baseline_degree_mix_sum_2_HY_10_2_12_L5,0.039003,0.011038,0.012392,0.010023,0.010241,0.009593,0.057580,0.027127,0.031095,0.040469,0.044670,0.697475,0.154854,0.226011,0.235940,0.066290,0.288793,0.033515,0.113625
baseline_degree1_HY_10_2_12,0.130260,0.013444,0.024102,0.008378,0.022423,0.011333,0.167673,0.096536,0.122844,0.175892,0.136205,1.662649,0.465600,0.654918,0.713331,0.184518,0.815618,0.118260,0.321509
baseline_degree_mix_sum_HY_10_2_12,0.063664,0.007087,0.009075,0.005183,0.010493,0.006101,0.121280,0.044224,0.060736,0.089975,0.092382,1.435756,0.389984,0.572586,0.596723,0.137184,0.737179,0.055647,0.267778
baseline_degree_mix_sum_2_HY_10_2_12_L3,0.315314,0.030282,0.047948,0.012752,0.039348,0.018941,0.442724,0.185513,0.229130,0.334186,0.362957,4.486644,1.419179,1.610820,1.991775,0.501784,2.276496,0.226990,0.837400
baseline_degree_mix_sum_HY_10_2_12_L3,0.127159,0.013713,0.022055,0.007933,0.021237,0.010181,0.156236,0.085519,0.107986,0.155037,0.121707,1.752257,0.476950,0.730718,0.787092,0.180834,0.896092,0.111180,0.312697
baseline_degree_mix_sum_HY_10_2_12_L5,0.180731,0.018874,0.030076,0.010104,0.028665,0.014123,0.226544,0.125608,0.158906,0.224936,0.179733,2.558958,0.671814,0.994486,1.081977,0.258057,1.231932,0.160393,0.446177
baseline_degree_mix_sum_SF_10_12_L2,0.275497,0.028194,0.045235,0.011069,0.031946,0.015390,0.363885,0.150163,0.186691,0.271571,0.294901,4.192402,1.225726,1.532448,1.841542,0.425239,2.079151,0.195097,0.712479
baseline_degree_mix_sum_HY_10_2_12_L0,0.013932,0.004363,0.005123,0.004162,0.004135,0.003836,0.015614,0.007384,0.007972,0.010827,0.011021,0.334674,0.050555,0.087667,0.091978,0.020205,0.104673,0.012237,0.037952
baseline_degree_mix_sum_HY_10_2_12_L2,0.205296,0.022516,0.034710,0.010268,0.028142,0.013458,0.292021,0.125792,0.155123,0.225869,0.238858,2.975108,0.885383,1.081095,1.276292,0.329238,1.480082,0.157779,0.542685
baseline_degree_mix_sum_HY_10_2_12_L1,0.108884,0.012968,0.020942,0.005832,0.014879,0.007565,0.127175,0.064839,0.081621,0.116727,0.092705,1.642398,0.417732,0.656294,0.688923,0.154484,0.791958,0.091337,0.262529
baseline_degree_mix_sum_2_HY_10_2_12_L2,0.036632,0.004247,0.005396,0.003327,0.006652,0.003816,0.068885,0.025576,0.035057,0.051346,0.052342,0.883729,0.221514,0.327264,0.342381,0.078096,0.420422,0.032109,0.151560
baseline_degree1_SF_10_HY_10_2_12_L1,0.048542,0.005566,0.008347,0.003665,0.009307,0.004761,0.061787,0.036028,0.045765,0.064229,0.049148,0.755817,0.173618,0.255679,0.274386,0.069718,0.314731,0.044795,0.119498
baseline_degree1_SF_10_HY_10_2_12_L3,0.290610,0.030371,0.045167,0.014531,0.048102,0.022797,0.497810,0.206951,0.262148,0.355087,0.416988,3.911960,1.449459,1.451121,1.718784,0.520240,2.069868,0.239832,0.916644
baseline_degree1_SF_10_HY_10_2_12_L2,0.075126,0.008838,0.012478,0.004803,0.015880,0.007041,0.097173,0.056200,0.074021,0.100373,0.078292,0.987914,0.270845,0.388386,0.421247,0.107857,0.483135,0.070338,0.185832
baseline_degree_mix_sum_SF_10_HY_10_2_12_L5,0.074375,0.007856,0.010452,0.005913,0.012566,0.007041,0.144504,0.052880,0.073014,0.107918,0.111852,1.785685,0.456373,0.658684,0.687511,0.162155,0.853086,0.065622,0.313612
baseline_degree1_SF_10_HY_10_2_12_L5,0.034886,0.009716,0.011165,0.009213,0.009844,0.008872,0.055362,0.022468,0.027182,0.037772,0.042493,0.615925,0.140158,0.197651,0.206094,0.060763,0.260392,0.031853,0.102399
baseline_degree1_SF_10_HY_10_2_12,0.190891,0.020232,0.030725,0.010211,0.031981,0.014674,0.242945,0.138303,0.167862,0.247080,0.195006,2.257140,0.681791,0.933444,0.978016,0.274062,1.176575,0.173837,0.465864
baseline_degree_mix_sum_SF_10_HY_10_2_12_L2,0.276547,0.028125,0.045084,0.011024,0.032204,0.015251,0.366773,0.160346,0.187201,0.301017,0.295454,4.340880,1.238969,1.533660,1.838019,0.421142,2.084841,0.197104,0.714991
baseline_degree_mix_sum_SF_10_HY_10_2_12_L3,0.262918,0.028191,0.043832,0.013307,0.037118,0.017694,0.362316,0.162565,0.204228,0.287938,0.306688,3.586818,1.125075,1.317961,1.584802,0.421973,1.843127,0.206593,0.704091
baseline_degree1_SF_10_12_L2,0.075286,0.008033,0.012526,0.005150,0.013284,0.006743,0.096051,0.056132,0.071471,0.100271,0.078074,0.994430,0.271461,0.388428,0.420707,0.107369,0.482623,0.069590,0.188049
baseline_degree_mix_sum_2_SF_10_HY_10_2_12_L2,0.132177,0.014544,0.022760,0.006938,0.020150,0.010899,0.158705,0.087131,0.108072,0.156450,0.123261,1.735066,0.473390,0.700729,0.736798,0.183733,0.859608,0.114720,0.315136
baseline_degree_mix_sum_2_HY_10_2_12_L1,0.175456,0.019492,0.029950,0.008373,0.025719,0.012203,0.265438,0.110691,0.139441,0.193681,0.218601,2.511329,0.721274,0.937539,1.057544,0.299212,1.242701,0.145270,0.489865
baseline_degree_mix_sum_2_SF_10_HY_10_2_12_L1,0.090993,0.010438,0.016530,0.004952,0.013549,0.006715,0.108803,0.057955,0.072596,0.104330,0.081722,1.287798,0.333348,0.511215,0.534646,0.128274,0.628197,0.079026,0.220832
baseline_degree_mix_sum_SF_10_HY_10_2_12_L0,0.020667,0.003145,0.003773,0.002406,0.003945,0.002601,0.029508,0.010003,0.012949,0.018284,0.017044,0.729589,0.126230,0.227821,0.238694,0.038216,0.274494,0.014934,0.077671
baseline_degree1_SF_10_12_L1,0.071861,0.007869,0.012020,0.004209,0.011956,0.005863,0.090134,0.051673,0.064600,0.091740,0.070691,0.895973,0.253825,0.357437,0.386487,0.102220,0.453244,0.065099,0.178687
baseline_degree_mix_sum_2_SF_10_HY_10_2_12_L3,0.167835,0.018512,0.028891,0.008665,0.026567,0.012419,0.209263,0.116289,0.145885,0.203239,0.164950,2.197626,0.625068,0.883901,0.935799,0.245752,1.100868,0.145398,0.415380
baseline_degree_mix_sum_2_SF_10_HY_10_2_12_L5,0.167698,0.017600,0.027160,0.009646,0.027960,0.013876,0.213650,0.121008,0.153617,0.216753,0.172197,2.335316,0.616691,0.891623,0.972507,0.240742,1.109004,0.151262,0.416804
baseline_degree1_SF_10_HY_10_2_12_L0,0.032191,0.003881,0.005852,0.002407,0.005844,0.003126,0.040192,0.022872,0.031475,0.041271,0.031104,0.489295,0.115932,0.177887,0.180159,0.045808,0.218820,0.029905,0.080536
baseline_degree_mix_sum_2_SF_10_12_L3,0.173698,0.018568,0.028917,0.008852,0.026481,0.012506,0.209753,0.114073,0.145849,0.207555,0.164985,2.183276,0.624630,0.877569,0.936927,0.242073,1.105326,0.150842,0.415274
baseline_degree_mix_sum_2_SF_10_HY_10_2_12,0.141334,0.014624,0.025436,0.008454,0.023351,0.011566,0.179672,0.100974,0.129387,0.180397,0.143372,1.993312,0.519389,0.758024,0.824325,0.204070,0.941208,0.126618,0.349275
baseline_degree1_SF_10_12_L5,0.424963,0.039197,0.061084,0.017539,0.055971,0.027084,0.622545,0.259378,0.325039,0.472558,0.521841,5.719728,1.945062,2.019318,2.592721,0.690878,2.973579,0.309285,1.152956
baseline_degree_mix_sum_SF_10_12_L0,0.070588,0.008944,0.015295,0.003886,0.008261,0.006037,0.077220,0.036729,0.045198,0.066367,0.053028,1.170718,0.270715,0.473989,0.488732,0.098140,0.551939,0.056394,0.166868
baseline_degree_mix_sum_2_SF_10_12_L5,0.247923,0.026775,0.041329,0.012470,0.039687,0.018139,0.312747,0.167778,0.218820,0.295339,0.245503,3.093899,0.903771,1.259020,1.331911,0.350887,1.586065,0.211915,0.607500
baseline_degree1_SF_10_12_L0,0.040213,0.004956,0.007524,0.003024,0.006896,0.003833,0.073804,0.027812,0.034919,0.049718,0.060751,0.634440,0.196670,0.215900,0.237595,0.078817,0.314247,0.036173,0.139569
baseline_degree_mix_sum_2_SF_10_12,0.398063,0.043195,0.064890,0.019542,0.064312,0.030849,0.644827,0.265943,0.340981,0.476029,0.525376,5.442124,1.693677,1.996020,2.331331,0.700190,2.747371,0.322505,1.175290
baseline_degree_mix_sum_SF_10_HY_10_2_12_L0,0.049361,0.006392,0.012093,0.003175,0.007238,0.003632,0.053227,0.026018,0.031893,0.046274,0.036260,0.931499,0.187979,0.333082,0.348687,0.066232,0.394415,0.038964,0.113374
baseline_degree_mix_sum_2_SF_10_12_L1,0.091097,0.010473,0.016452,0.004979,0.013325,0.006728,0.108777,0.057985,0.072798,0.104341,0.081884,1.292648,0.336973,0.512944,0.539985,0.128493,0.618285,0.078470,0.220203
baseline_degree_mix_sum_SF_10_12_L2,0.041854,0.004773,0.006626,0.003886,0.006884,0.004407,0.074767,0.026922,0.036422,0.053532,0.054254,1.108112,0.257380,0.402634,0.417347,0.087478,0.504675,0.034844,0.171155
baseline_degree_mix_sum_SF_10_12_L1,0.073970,0.008636,0.013999,0.004873,0.010500,0.005985,0.086381,0.045231,0.056794,0.080961,0.065745,1.247020,0.282396,0.466371,0.494172,0.103900,0.561132,0.062258,0.178549
baseline_degree_mix_sum_SF_10_12,0.227326,0.025141,0.040632,0.012795,0.034229,0.015973,0.281695,0.151003,0.183449,0.256444,0.216830,2.956449,0.840886,1.210396,1.285004,0.319873,1.516928,0.189195,0.552975
baseline_degree_mix_sum_SF_10_12_L5,0.260165,0.029202,0.045763,0.013171,0.040807,0.018804,0.327319,0.175840,0.226702,0.301632,0.253884,3.411944,0.985260,1.405247,1.487782,0.379947,1.760371,0.223648,0.644808
baseline_degree1_SF_10_12_L3,0.150849,0.016016,0.024398,0.008406,0.025209,0.011935,0.193970,0.108601,0.137034,0.190770,0.153147,1.842180,0.540538,0.736703,0.778495,0.219041,0.938858,0.136958,0.375799
baseline_degree1_HY_10_2_12_L1,0.097422,0.015608,0.015274,0.005444,0.015154,0.007561,0.159248,0.066188,0.082804,0.118144,0.135167,1.367764,0.440120,0.463095,0.550609,0.168969,0.679562,0.080466,0.294390
baseline_degree_mix_sum_SF_10_12_L3,0.130342,0.013621,0.021948,0.007599,0.021236,0.009967,0.156830,0.085385,0.109535,0.153013,0.121799,1.866554,0.476634,0.730000,0.787597,0.182161,0.899125,0.110981,0.311750
baseline_degree1_HY_10_2_12_L5,0.064081,0.006843,0.008823,0.005733,0.011459,0.006843,0.133593,0.050069,0.069811,0.104792,0.108458,1.435650,0.384983,0.513649,0.533943,0.144558,0.684177,0.060392,0.274858
baseline_degree1_HY_10_2_12_L0,0.040980,0.005008,0.007375,0.005434,0.007094,0.003814,0.074496,0.027406,0.035540,0.050313,0.060476,0.694355,0.202392,0.296819,0.259126,0.105714,0.617306,0.047988,0.359010
baseline_degree_mix_sum_2_HY_10_2_12_L0,0.051419,0.006405,0.010338,0.003188,0.007021,0.003972,0.058815,0.029899,0.037256,0.053850,0.042151,0.822115,0.197692,0.323186,0.330850,0.071995,0.384446,0.043231,0.123504
baseline_degree1_HY_10_2_12_L2,0.075052,0.008220,0.012239,0.004848,0.013070,0.006696,0.096587,0.056068,0.071512,0.100244,0.078725,1.100362,0.271466,0.388050,0.420007,0.108160,0.482291,0.069103,0.187433
baseline_degree_mix_sum_2_SF_10_12_L0,0.051460,0.006445,0.011775,0.003435,0.007093,0.004106,0.058893,0.030073,0.037345,0.053822,0.042235,0.868082,0.197140,0.324861,0.342452,0.072006,0.384049,0.043046,0.123875
baseline_degree_mix_sum_2_HY_10_2_12_L3,0.115013,0.012004,0.019317,0.006977,0.018486,0.009437,0.145423,0.082998,0.102430,0.144470,0.114246,1.574493,0.422504,0.624647,0.676972,0.163414,0.772820,0.104066,0.282569
baseline_degree_mix_sum_SF_10_HY_10_2_12_L1,0.031034,0.003939,0.004969,0.003175,0.005623,0.003605,0.051408,0.018209,0.024503,0.035449,0.035436,0.941530,0.190892,0.314690,0.327848,0.062330,0.389491,0.024678,0.123138
baseline_degree_mix_sum_2_HY_10_2_12_L5,0.239664,0.026761,0.041435,0.012657,0.039587,0.018666,0.309059,0.174408,0.211820,0.307598,0.244401,3.076099,0.899993,1.251212,1.336993,0.351480,1.588154,0.220395,0.606378
baseline_degree1_HY_10_2_12,0.113276,0.012309,0.018497,0.008573,0.022329,0.010794,0.138795,0.085893,0.109512,0.153283,0.112553,1.538498,0.390302,0.559560,0.613773,0.154706,0.686947,0.104455,0.265081
baseline_degree_mix_sum_SF_10_HY_10_2_12,0.153998,0.016172,0.026287,0.009084,0.024336,0.012129,0.190603,0.105374,0.133317,0.188999,0.150187,2.195498,0.572789,0.862529,0.934675,0.219060,1.062420,0.135380,0.379285
baseline_degree_mix_sum_2_SF_10_HY_10_2_12_L0,0.067106,0.008559,0.013189,0.004161,0.009731,0.004855,0.097119,0.038512,0.048030,0.069549,0.075217,1.211007,0.290669,0.419268,0.447509,0.112689,0.540166,0.054959,0.196013
baseline_degree_mix_sum_2_HY_10_2_12,0.288937,0.029917,0.045040,0.015113,0.043585,0.021289,0.469325,0.193767,0.245343,0.345068,0.369034,3.789649,1.270173,1.369112,1.690948,0.475270,1.984853,0.229217,0.788402
baseline_degree_mix_sum_HY_10_2_12_L3,0.052841,0.006030,0.007617,0.004722,0.008648,0.005414,0.098102,0.035459,0.048448,0.071564,0.073616,1.293434,0.324183,0.485769,0.506826,0.112532,0.620884,0.045132,0.218447
baseline_degree_mix_sum_HY_10_2_12_L1,0.110183,0.012985,0.020906,0.006256,0.014748,0.007689,0.127069,0.065065,0.080572,0.116802,0.092716,1.644110,0.409703,0.654836,0.694963,0.154691,0.796226,0.091264,0.266276
baseline_degree_mix_sum_HY_10_2_12_L5,0.181341,0.018766,0.030109,0.010681,0.028458,0.014316,0.225636,0.125507,0.159031,0.224861,0.178529,2.404352,0.671883,0.994784,1.080505,0.257845,1.233706,0.159763,0.448067
baseline_degree_mix_sum_2_HY_10_2_12_L1,0.061225,0.007236,0.011131,0.004254,0.009626,0.005338,0.072845,0.040741,0.051199,0.072491,0.056663,0.984949,0.227602,0.361611,0.383612,0.086834,0.437053,0.053750,0.148431
baseline_degree1_SF_10_HY_10_2_12_L0,0.032155,0.003918,0.005908,0.002387,0.005776,0.003152,0.040232,0.022907,0.029232,0.041272,0.031051,0.511775,0.115986,0.173511,0.179763,0.045699,0.209291,0.029969,0.080443
baseline_degree_mix_sum_2_SF_10_HY_10_2_12_L0,0.035125,0.004374,0.007240,0.002623,0.005643,0.003211,0.040674,0.021040,0.026381,0.037724,0.028901,0.718757,0.133307,0.228765,0.238372,0.048985,0.271581,0.029957,0.084200
baseline_degree_mix_sum_2_SF_10_12_L2,0.087857,0.009447,0.015211,0.005667,0.013985,0.007255,0.108614,0.060702,0.076662,0.108628,0.085544,1.305943,0.324365,0.492769,0.530747,0.123518,0.604135,0.077799,0.216069
baseline_degree_mix_sum_HY_10_2_12,0.222976,0.025227,0.039705,0.011987,0.034451,0.016435,0.275504,0.151433,0.185684,0.260591,0.213786,2.971279,0.842354,1.214015,1.289297,0.327058,1.518743,0.196836,0.549849
baseline_degree1_SF_10_HY_10_2_12_L1,0.097336,0.010227,0.015422,0.005541,0.015475,0.007465,0.158697,0.065867,0.082789,0.118311,0.135283,1.303823,0.441990,0.463719,0.550745,0.173311,0.676502,0.079809,0.294626
baseline_degree_mix_sum_HY_10_2_12_L2,0.150527,0.017190,0.027085,0.007522,0.021157,0.010236,0.178988,0.093990,0.117105,0.162801,0.134140,2.068331,0.557444,0.841751,0.893602,0.213030,1.040788,0.127426,0.361165
baseline_degree_mix_sum_2_SF_10_HY_10_2_12_L1,0.090972,0.010424,0.016514,0.004950,0.013490,0.006763,0.108315,0.057957,0.072589,0.104302,0.081504,1.281468,0.332932,0.508317,0.538517,0.128497,0.625204,0.078645,0.220085
baseline_degree1_SF_10_HY_10_2_12,0.268315,0.026279,0.039114,0.013150,0.041225,0.019380,0.403390,0.181073,0.230539,0.320834,0.348489,3.342084,1.176630,1.183225,1.484618,0.437223,1.751906,0.189585,0.738663
baseline_degree1_HY_10_2_12_L3,0.101752,0.010585,0.016074,0.006315,0.017660,0.008742,0.131250,0.076204,0.096932,0.136127,0.106906,1.247489,0.368653,0.520444,0.567309,0.147538,0.650785,0.093401,0.254515
baseline_degree_mix_sum_2_HY_10_2_12_L2,0.088732,0.009795,0.015396,0.005758,0.014174,0.007529,0.108447,0.060657,0.077007,0.108502,0.085854,1.335525,0.324933,0.492405,0.530079,0.124812,0.604930,0.077889,0.215164
baseline_degree1_SF_10_HY_10_2_12_L0,0.051229,0.005940,0.009178,0.003118,0.013229,0.003802,0.087746,0.030316,0.038098,0.054708,0.070500,0.932331,0.248464,0.302015,0.332855,0.096760,0.426322,0.041716,0.168521
baseline_degree_mix_sum_2_SF_10_HY_10_2_12_L5,0.253020,0.026630,0.041256,0.012869,0.039627,0.018353,0.311273,0.173463,0.213628,0.305562,0.244529,3.114241,0.907550,1.259989,1.342647,0.354618,1.592568,0.218866,0.607595
baseline_degree1_SF_10_HY_10_2_12_L5,0.234148,0.024246,0.037970,0.011740,0.038392,0.017439,0.295973,0.165520,0.208025,0.276494,0.235912,2.751946,0.829976,1.109595,1.189813,0.326835,1.416410,0.205048,0.562301
baseline_degree_mix_sum_2_SF_10_HY_10_2_12_L2,0.132582,0.014561,0.022720,0.006864,0.020052,0.009598,0.160625,0.087091,0.110104,0.151653,0.123307,1.747782,0.477740,0.699605,0.732347,0.186928,0.866713,0.114621,0.321719
baseline_degree_mix_sum_2_SF_10_HY_10_2_12_L3,0.328750,0.035234,0.053307,0.015848,0.051506,0.024365,0.524073,0.221204,0.272242,0.383821,0.435648,4.494019,1.374741,1.647575,1.897129,0.550140,2.234134,0.274201,0.946130
baseline_degree_mix_sum_2_SF_10_HY_10_2_12,0.141127,0.014621,0.023187,0.008401,0.023284,0.011557,0.179783,0.100769,0.127852,0.180569,0.143937,1.990717,0.516467,0.758131,0.824194,0.203841,0.941796,0.126730,0.349309
baseline_degree1_SF_10_12_L0,0.024197,0.002865,0.004525,0.002068,0.004208,0.002534,0.028102,0.016529,0.021253,0.029391,0.021822,0.424894,0.078783,0.124007,0.128144,0.031769,0.149159,0.021094,0.055322
baseline_degree_mix_sum_SF_10_HY_10_2_12_L2,0.202880,0.022357,0.034714,0.009966,0.028427,0.013758,0.292117,0.124971,0.156504,0.221126,0.242558,2.918984,0.885480,1.080747,1.263693,0.329890,1.472498,0.160695,0.546199
baseline_degree1_SF_10_12_L5,0.220252,0.024312,0.037282,0.011722,0.038158,0.017263,0.290518,0.159868,0.203588,0.294284,0.235094,2.729479,0.823941,1.120819,1.184273,0.332227,1.415366,0.207365,0.567626
baseline_degree1_SF_10_HY_10_2_12_L2,0.112222,0.012052,0.018241,0.006261,0.018810,0.008834,0.142147,0.080134,0.101354,0.143859,0.112210,1.393692,0.399385,0.549206,0.588275,0.160729,0.688741,0.101404,0.272426
baseline_degree1_SF_10_HY_10_2_12_L3,0.152012,0.016068,0.024408,0.008349,0.025220,0.011724,0.192636,0.107343,0.136054,0.193257,0.153549,1.824677,0.546166,0.737783,0.779909,0.217522,0.929868,0.137021,0.368006
baseline_degree1_SF_10_12,0.351502,0.032521,0.050681,0.014533,0.046405,0.022325,0.510014,0.218747,0.270762,0.389405,0.431924,4.771772,1.605764,1.681253,2.140934,0.569850,2.461637,0.250157,0.960629
baseline_degree_mix_sum_SF_10_HY_10_2_12,0.153999,0.016152,0.026093,0.009061,0.024223,0.012083,0.192633,0.105650,0.133446,0.188857,0.150405,2.237898,0.574259,0.862447,0.935476,0.220530,1.064487,0.136330,0.381295
baseline_degree1_SF_10_12_L2,0.215692,0.022768,0.033674,0.012521,0.035473,0.017059,0.373828,0.152714,0.190433,0.269469,0.306253,2.848300,0.910757,1.013250,1.182489,0.392468,1.429346,0.180379,0.654919
baseline_degree_mix_sum_2_SF_10_12_L1,0.090980,0.010397,0.016463,0.004936,0.013287,0.006719,0.108845,0.058019,0.072649,0.104287,0.081862,1.309558,0.331599,0.502171,0.540963,0.128515,0.628647,0.078507,0.222716
baseline_degree_mix_sum_SF_10_HY_10_2_12_L1,0.110149,0.012894,0.020882,0.005664,0.014921,0.007435,0.127189,0.064893,0.080530,0.116752,0.092495,1.638824,0.415690,0.654656,0.694509,0.154634,0.799294,0.091611,0.263820
baseline_degree_mix_sum_SF_10_12_L3,0.185145,0.021009,0.033282,0.009786,0.027668,0.013352,0.230625,0.122494,0.152948,0.215785,0.175388,2.567750,0.694007,1.032180,1.088109,0.265781,1.281389,0.163237,0.458069
baseline_degree_mix_sum_SF_10_HY_10_2_12_L0,0.090606,0.011860,0.018800,0.005063,0.011602,0.005782,0.141642,0.047667,0.085536,0.086804,0.089953,1.569301,0.403810,0.597686,0.651004,0.146618,0.754894,0.063602,0.241330
baseline_degree_mix_sum_SF_10_12,0.420261,0.041481,0.065959,0.016868,0.052005,0.024754,0.581996,0.244040,0.298868,0.435712,0.478215,6.125018,1.905185,2.217862,2.751522,0.665960,3.110086,0.299351,1.146115
baseline_degree_mix_sum_SF_10_12_L0,0.070589,0.009057,0.014931,0.004432,0.008570,0.005172,0.077392,0.036893,0.045333,0.066414,0.053253,1.212883,0.276825,0.474387,0.494439,0.098430,0.554764,0.056377,0.169560
baseline_degree_mix_sum_2_SF_10_12_L2,0.130090,0.014517,0.022691,0.006830,0.019841,0.009542,0.160202,0.087098,0.107917,0.155634,0.123301,1.756594,0.475266,0.693328,0.740685,0.184564,0.859533,0.114479,0.319406
baseline_degree1_SF_10_12,0.189442,0.020237,0.030657,0.010328,0.031633,0.014670,0.240804,0.135420,0.173361,0.238846,0.195155,2.262841,0.682497,0.928511,0.976593,0.274436,1.174686,0.167631,0.465610
baseline_degree_mix_sum_2_SF_10_12,0.398978,0.043051,0.064966,0.019558,0.064286,0.030228,0.635380,0.272231,0.342977,0.479530,0.535643,5.456437,1.697594,1.990454,2.331220,0.696858,2.732840,0.321835,1.178225
baseline_degree1_HY_10_2_12_L5,0.063937,0.006651,0.008651,0.005480,0.011628,0.006571,0.133301,0.050029,0.069590,0.102968,0.107968,1.311997,0.384658,0.513386,0.534285,0.143626,0.684127,0.059938,0.274883
baseline_degree_mix_sum_SF_10_12_L1,0.074253,0.008823,0.013835,0.004835,0.010641,0.005717,0.086912,0.045264,0.056964,0.081424,0.063899,1.185363,0.282474,0.467222,0.495640,0.104409,0.559958,0.062277,0.179081
baseline_degree1_HY_10_2_12,0.256141,0.026397,0.039263,0.013319,0.040897,0.019377,0.416031,0.185029,0.228954,0.325216,0.357533,3.303992,1.175648,1.188575,1.478464,0.442060,1.761311,0.208750,0.746165
baseline_degree_mix_sum_2_HY_10_2_12_L2,0.131466,0.014501,0.022698,0.006808,0.019868,0.009632,0.160848,0.087152,0.109200,0.157590,0.122986,1.701281,0.478606,0.695339,0.740051,0.186985,0.860026,0.115553,0.317069
baseline_degree_mix_sum_2_HY_10_2_12_L3,0.172759,0.018505,0.028965,0.008688,0.026438,0.012381,0.212608,0.117065,0.145793,0.208734,0.163856,2.194576,0.617271,0.886234,0.941923,0.239936,1.109017,0.150810,0.414576
baseline_degree1_HY_10_2_12_L1,0.125432,0.012447,0.019462,0.006397,0.016602,0.008205,0.194301,0.076249,0.094917,0.137809,0.160833,1.859209,0.583679,0.643583,0.778509,0.214716,0.927091,0.093899,0.363844
baseline_degree1_HY_10_2_12_L3,0.092369,0.010816,0.015018,0.008276,0.018531,0.010314,0.109262,0.068235,0.086937,0.123529,0.088200,1.247006,0.309423,0.448444,0.486803,0.122560,0.547799,0.083225,0.212094
baseline_degree_mix_sum_HY_10_2_12_L0,0.070622,0.008928,0.014802,0.004089,0.008394,0.005038,0.077382,0.036878,0.045299,0.066375,0.053085,1.205142,0.269433,0.467454,0.493961,0.098318,0.562242,0.056542,0.169936
baseline_degree1_SF_10_12_L3,0.042337,0.004859,0.006233,0.004022,0.007812,0.004748,0.087761,0.032887,0.045739,0.067261,0.069443,1.000880,0.252226,0.341481,0.354784,0.095416,0.452723,0.041831,0.179842
baseline_degree_mix_sum_2_HY_10_2_12_L1,0.061295,0.006972,0.011057,0.004052,0.009563,0.005208,0.077399,0.041670,0.051251,0.072685,0.056833,1.304255,0.228041,0.360159,0.384232,0.086860,0.437085,0.054437,0.148520
baseline_degree_mix_sum_SF_10_12_L2,0.055369,0.008493,0.010746,0.005821,0.011053,0.006571,0.054915,0.037662,0.047381,0.067517,0.040659,0.807047,0.168154,0.298111,0.307363,0.081753,0.332278,0.050170,0.116259
baseline_degree_mix_sum_2_HY_10_2_12_L0,0.051394,0.006399,0.010316,0.003119,0.006978,0.003910,0.058851,0.030001,0.037323,0.053816,0.042038,0.861487,0.193200,0.319760,0.330844,0.072070,0.387457,0.043300,0.124985
baseline_degree_mix_sum_2_SF_10_12_L0,0.051475,0.006414,0.010306,0.003168,0.007025,0.003963,0.058856,0.029868,0.037302,0.053876,0.042102,0.850297,0.198082,0.324223,0.335627,0.072088,0.390744,0.043699,0.124984
baseline_degree_mix_sum_SF_10_HY_10_2_12_L3,0.359040,0.038982,0.062060,0.017046,0.054122,0.025559,0.546400,0.231519,0.292449,0.411216,0.444988,5.713039,1.511370,1.913862,2.193492,0.609800,2.549278,0.294206,1.028754
baseline_degree_mix_sum_HY_10_2_12_L0,0.020666,0.002847,0.003479,0.002245,0.003314,0.002448,0.029340,0.010064,0.012994,0.018233,0.016996,0.703160,0.126190,0.227910,0.238636,0.038134,0.274180,0.014871,0.079282
baseline_degree_mix_sum_SF_10_12_L5,0.269447,0.029207,0.046819,0.013890,0.042271,0.019102,0.332373,0.178886,0.219179,0.311328,0.258709,3.421785,0.983649,1.410607,1.489066,0.377365,1.761495,0.235444,0.651123
baseline_degree_mix_sum_SF_10_HY_10_2_12_L5,0.377084,0.038569,0.058696,0.017870,0.054202,0.025476,0.580535,0.228880,0.296124,0.486494,0.454592,4.952502,1.619339,1.815780,2.194114,0.593927,2.550354,0.291121,1.001360
baseline_degree_mix_sum_HY_10_2_12_L3,0.111772,0.012812,0.019667,0.008491,0.018179,0.010654,0.132778,0.076036,0.095968,0.135539,0.101068,1.609373,0.400414,0.622923,0.675491,0.152211,0.755648,0.098343,0.261521
baseline_degree_mix_sum_2_HY_10_2_12_L5,0.462880,0.043616,0.068608,0.018198,0.057893,0.027748,0.652478,0.279717,0.339604,0.493073,0.545516,6.411111,2.093818,2.288312,2.893616,0.723804,3.290400,0.334693,1.240135
baseline_degree_mix_sum_2_SF_10_12_L3,0.114588,0.012164,0.019156,0.006822,0.018449,0.009374,0.144408,0.080785,0.102540,0.144618,0.114704,1.650096,0.422385,0.625426,0.677935,0.163925,0.772791,0.102317,0.281767
baseline_degree1_SF_10_HY_10_2_12_L2,0.112238,0.012002,0.018229,0.006097,0.018768,0.008830,0.140997,0.080051,0.101111,0.143852,0.112255,1.359443,0.401528,0.548923,0.579419,0.160830,0.691061,0.101344,0.274669
baseline_degree_mix_sum_2_HY_10_2_12,0.206055,0.022730,0.035208,0.010710,0.033040,0.015377,0.260160,0.143298,0.174072,0.260875,0.206139,2.613548,0.761584,1.073072,1.138275,0.294923,1.341846,0.186655,0.512630
baseline_degree1_SF_10_HY_10_2_12_L3,0.042279,0.004838,0.006187,0.003994,0.008326,0.004760,0.087634,0.033178,0.046407,0.066944,0.069523,0.997560,0.252160,0.343399,0.354748,0.094097,0.451547,0.039385,0.179771
baseline_degree_mix_sum_HY_10_2_12_L2,0.280493,0.031927,0.049392,0.013274,0.041083,0.019448,0.420506,0.176922,0.225590,0.308486,0.340408,4.164658,1.194800,1.562570,1.775127,0.473301,2.169773,0.241066,0.821283
baseline_degree1_SF_10_HY_10_2_12_L1,0.071489,0.007869,0.011985,0.004339,0.012143,0.005978,0.090123,0.050778,0.064266,0.091201,0.070786,0.954099,0.255671,0.370034,0.380610,0.102172,0.456864,0.064909,0.176962
baseline_degree_mix_sum_2_SF_10_12_L5,0.170618,0.017590,0.027483,0.009678,0.027702,0.013927,0.212510,0.121059,0.153638,0.217039,0.170001,2.227620,0.617548,0.892587,0.971073,0.240499,1.109702,0.153195,0.416802
baseline_degree1_HY_10_2_12_L2,0.031370,0.003871,0.004678,0.003213,0.006635,0.003765,0.063260,0.024440,0.033685,0.049067,0.050459,0.769673,0.185642,0.254920,0.264371,0.069940,0.335404,0.029294,0.132270
baseline_degree_mix_sum_SF_10_HY_10_2_12_L0,0.070518,0.009846,0.014712,0.003904,0.008526,0.004730,0.077321,0.036791,0.045286,0.066361,0.053054,1.203543,0.270328,0.463939,0.495757,0.098070,0.557766,0.056375,0.165415
baseline_degree_mix_sum_2_SF_10_HY_10_2_12_L5,0.245656,0.026745,0.042037,0.012579,0.039626,0.019300,0.314743,0.174246,0.219674,0.287696,0.247649,3.093863,0.901192,1.258370,1.338524,0.355615,1.587795,0.219924,0.611052
baseline_degree_mix_sum_HY_10_2_12_L1,0.074145,0.008457,0.013924,0.004811,0.010188,0.005607,0.086220,0.045109,0.056630,0.080888,0.063775,1.318624,0.281441,0.464563,0.494151,0.103882,0.560208,0.062900,0.177525
baseline_degree_mix_sum_HY_10_2_12,0.135602,0.015197,0.023255,0.010002,0.022257,0.012285,0.160678,0.093883,0.117918,0.167310,0.125118,1.860380,0.483349,0.737153,0.800506,0.183370,0.896084,0.119209,0.318487
baseline_degree1_SF_10_HY_10_2_12_L0,0.040243,0.004982,0.007295,0.003148,0.007362,0.003766,0.108163,0.027479,0.034975,0.049503,0.177598,0.859031,0.229995,0.248052,0.241290,0.078814,0.311404,0.035906,0.139669
baseline_degree_mix_sum_2_SF_10_HY_10_2_12,0.382403,0.037220,0.058592,0.016536,0.050022,0.024274,0.547041,0.234617,0.289091,0.416696,0.446704,5.501067,1.762988,1.949713,2.450956,0.619234,2.783588,0.273418,1.041576
baseline_degree1_HY_10_2_12_L0,0.032217,0.004003,0.005899,0.002577,0.005760,0.003283,0.040271,0.023031,0.029714,0.041241,0.033286,0.453967,0.116076,0.183367,0.178878,0.045871,0.216783,0.029998,0.080531
baseline_degree1_SF_10_HY_10_2_12,0.130962,0.013369,0.020275,0.007936,0.022546,0.011105,0.167023,0.096160,0.122637,0.172328,0.135784,1.649040,0.463177,0.653625,0.715001,0.185572,0.819146,0.119638,0.320338
baseline_degree1_SF_10_HY_10_2_12_L5,0.154983,0.015697,0.024466,0.009327,0.026922,0.013056,0.200706,0.116139,0.148504,0.208190,0.167611,2.054897,0.562920,0.786790,0.860815,0.223800,0.986968,0.143379,0.387376
baseline_degree_mix_sum_2_SF_10_HY_10_2_12_L0,0.035643,0.004594,0.007099,0.002880,0.005535,0.003176,0.040288,0.021616,0.026685,0.037810,0.028742,0.630669,0.133541,0.228550,0.238251,0.049107,0.271408,0.030053,0.083754
baseline_degree_mix_sum_2_SF_10_HY_10_2_12_L1,0.090955,0.010416,0.016588,0.004991,0.013426,0.006724,0.108886,0.057964,0.072619,0.104320,0.081815,1.292039,0.334973,0.512299,0.530359,0.128544,0.624459,0.078484,0.224280
baseline_degree_mix_sum_2_SF_10_HY_10_2_12_L3,0.165839,0.018485,0.028925,0.008753,0.026680,0.012430,0.212507,0.116234,0.145897,0.204091,0.163458,2.196436,0.624049,0.883441,0.940928,0.245661,1.104869,0.148215,0.411195
baseline_degree1_SF_10_12_L5,0.155231,0.015768,0.024551,0.009199,0.026667,0.013018,0.201403,0.116188,0.148186,0.208153,0.164729,1.983108,0.563515,0.786342,0.860158,0.223106,0.989306,0.142111,0.388560
baseline_degree_mix_sum_2_SF_10_12_L2,0.088329,0.009565,0.015234,0.005748,0.014298,0.007506,0.111187,0.060591,0.077463,0.108693,0.086049,1.240037,0.325536,0.492908,0.533674,0.124934,0.604271,0.083484,0.215550
baseline_degree_mix_sum_SF_10_HY_10_2_12_L1,0.109804,0.012899,0.020938,0.005870,0.014900,0.007648,0.127157,0.064602,0.081792,0.116211,0.092401,1.671451,0.418766,0.653000,0.692044,0.153272,0.790940,0.091271,0.267587
baseline_degree1_SF_10_12,0.186254,0.020142,0.030653,0.010079,0.031664,0.014619,0.244789,0.134898,0.174103,0.236345,0.194118,2.286993,0.687582,0.930939,0.982051,0.271782,1.177914,0.169939,0.465005
baseline_degree1_SF_10_12_L2,0.153875,0.015579,0.023154,0.008112,0.023761,0.011479,0.243174,0.105592,0.132945,0.187824,0.205928,2.072465,0.684138,0.706439,0.871964,0.263236,1.038449,0.124870,0.447268
baseline_degree_mix_sum_SF_10_HY_10_2_12_L3,0.129942,0.014012,0.022119,0.008548,0.020084,0.010805,0.156301,0.085588,0.108076,0.153265,0.122445,1.891458,0.477149,0.733264,0.787603,0.180666,0.895987,0.111315,0.313067
baseline_degree_mix_sum_2_SF_10_12_L0,0.051460,0.006445,0.010326,0.003119,0.006970,0.003872,0.058881,0.029843,0.037310,0.054442,0.042020,0.857198,0.197048,0.317406,0.338055,0.072018,0.380606,0.043193,0.123967
baseline_degree_mix_sum_SF_10_HY_10_2_12,0.225581,0.026148,0.039567,0.011274,0.034491,0.016250,0.282068,0.152211,0.190310,0.255778,0.217122,3.027896,0.844188,1.223438,1.294647,0.325568,1.522334,0.190068,0.556596
baseline_degree1_SF_10_12_L0,0.050128,0.005918,0.009187,0.003200,0.007164,0.003587,0.087566,0.030283,0.037969,0.054647,0.070419,0.928360,0.252244,0.302103,0.330193,0.096232,0.427701,0.041583,0.168460
baseline_degree_mix_sum_SF_10_HY_10_2_12_L5,0.180984,0.018759,0.030159,0.010388,0.028674,0.014287,0.227163,0.125466,0.158854,0.225273,0.179837,2.564628,0.672150,0.995238,1.083023,0.258922,1.231739,0.159550,0.445847
baseline_degree_mix_sum_2_SF_10_12_L1,0.061313,0.007200,0.011070,0.006140,0.009820,0.005159,0.076425,0.040446,0.051321,0.072731,0.057125,0.915713,0.228456,0.360784,0.384424,0.086104,0.437163,0.053563,0.149115
baseline_degree_mix_sum_SF_10_12_L2,0.151623,0.016998,0.027098,0.007694,0.021210,0.010353,0.176349,0.093875,0.115754,0.168289,0.134099,2.112364,0.552849,0.844061,0.889260,0.213244,1.036623,0.126032,0.358423
baseline_degree_mix_sum_2_SF_10_12_L5,0.167962,0.017612,0.027261,0.010787,0.027974,0.014385,0.217315,0.121227,0.153967,0.219046,0.171954,2.248638,0.614845,0.891164,0.970855,0.242773,1.110069,0.151362,0.419053
baseline_degree_mix_sum_SF_10_12_L0,0.071424,0.008898,0.014726,0.003833,0.008266,0.004609,0.077264,0.036715,0.045255,0.066360,0.052954,1.217416,0.271015,0.471479,0.496651,0.098207,0.562406,0.056294,0.169292
baseline_degree_mix_sum_HY_10_2_12_L5,0.042250,0.010137,0.010961,0.006379,0.008229,0.006377,0.060687,0.024475,0.029714,0.042413,0.046198,0.655396,0.169096,0.256664,0.268576,0.070984,0.323413,0.035625,0.124675
baseline_degree_mix_sum_2_SF_10_12,0.294109,0.029569,0.044572,0.014159,0.042833,0.020366,0.429046,0.194794,0.242355,0.344294,0.372582,3.782006,1.260959,1.374242,1.674294,0.479528,1.968848,0.226401,0.792305
baseline_degree_mix_sum_2_SF_10_12_L3,0.235783,0.024469,0.036974,0.011661,0.034659,0.016655,0.356083,0.156269,0.194249,0.275662,0.301300,3.133458,1.024419,1.130840,1.375336,0.384029,1.610542,0.186416,0.642543
baseline_degree_mix_sum_SF_10_12,0.317085,0.033087,0.050484,0.015200,0.045326,0.022874,0.454801,0.201200,0.239945,0.360334,0.387118,4.300885,1.372944,1.551148,1.891593,0.499038,2.182427,0.247263,0.847090
baseline_degree_mix_sum_SF_10_12_L1,0.110245,0.013210,0.020999,0.006579,0.014973,0.008246,0.126952,0.065143,0.080693,0.116843,0.092952,1.613207,0.414038,0.652797,0.695219,0.153462,0.793768,0.091751,0.267273
baseline_degree_mix_sum_SF_10_12_L5,0.497706,0.047976,0.076498,0.020050,0.061513,0.030325,0.685759,0.293859,0.357553,0.517712,0.561060,7.098370,2.244281,2.572268,3.198366,0.774835,3.617812,0.353568,1.315139
baseline_degree_mix_sum_SF_10_12_L3,0.189930,0.021056,0.033315,0.009451,0.027678,0.013114,0.227571,0.120753,0.153731,0.216790,0.175438,2.537338,0.700966,1.034478,1.088686,0.270276,1.276079,0.163764,0.455063
baseline_degree1_HY_10_2_12_L1,0.071819,0.007952,0.012036,0.004320,0.012018,0.005924,0.089967,0.051060,0.064666,0.091749,0.070622,0.900507,0.257724,0.361288,0.384398,0.102273,0.447367,0.065198,0.177517
baseline_degree1_HY_10_2_12,0.053061,0.005752,0.007355,0.004767,0.009502,0.005673,0.110219,0.042086,0.058617,0.085174,0.088612,1.083373,0.318530,0.427075,0.444085,0.119115,0.567554,0.049716,0.227210
baseline_degree1_SF_10_12_L3,0.203340,0.020986,0.031248,0.010619,0.032599,0.015486,0.313761,0.145918,0.182924,0.253638,0.284753,2.661708,0.932382,0.946791,1.165767,0.354182,1.386997,0.170025,0.588874
baseline_degree_mix_sum_2_SF_10_HY_10_2_12_L2,0.020751,0.004567,0.005558,0.003408,0.004641,0.003480,0.029271,0.011789,0.014206,0.020322,0.022187,0.346719,0.082342,0.125139,0.131011,0.034525,0.158302,0.017298,0.060483
baseline_degree1_HY_10_2_12_L2,0.041712,0.006449,0.007766,0.004535,0.009044,0.005425,0.042580,0.032898,0.043399,0.058988,0.033121,0.576155,0.117600,0.197796,0.202779,0.048399,0.217660,0.040750,0.083685
baseline_degree1_HY_10_2_12_L0,0.059447,0.007034,0.010384,0.003647,0.010267,0.004849,0.114354,0.041529,0.053169,0.074931,0.094931,1.077450,0.475663,0.320165,0.377204,0.129263,0.553210,0.054335,0.211828
baseline_degree_mix_sum_2_HY_10_2_12_L0,0.051484,0.006433,0.010336,0.003236,0.007056,0.004031,0.058939,0.029915,0.037294,0.053909,0.042214,0.824052,0.194284,0.319276,0.339849,0.072068,0.380708,0.043214,0.125157
baseline_degree1_HY_10_2_12_L5,0.063890,0.008456,0.008657,0.005336,0.011182,0.006396,0.133266,0.050045,0.069557,0.102999,0.107824,1.301296,0.384820,0.513170,0.534049,0.143389,0.683708,0.059808,0.276774
baseline_degree1_HY_10_2_12_L3,0.277112,0.025759,0.040178,0.011612,0.036199,0.017633,0.401814,0.173134,0.213972,0.303102,0.347648,3.826370,1.261680,1.327863,1.685064,0.456714,1.945935,0.205103,0.761366
baseline_degree_mix_sum_SF_10_HY_10_2_12_L2,0.271144,0.028054,0.045110,0.010890,0.032412,0.015272,0.367662,0.150347,0.184578,0.270824,0.292195,4.255307,1.259657,1.543523,1.862140,0.424297,2.095911,0.196482,0.710398
ABCDE_Train_S2,14.349276,1.135364,1.659786,0.547582,2.048831,0.792156,19.204316,7.647975,9.579037,14.386840,15.287112,145.980083,77.042909,56.186389,62.424934,38.519769,159.433570,18.326801,54.182846
ABCDE_Train_S4,13.890745,1.095548,1.610943,0.514171,2.010743,0.712548,18.811582,7.733421,9.029711,13.853090,14.138151,147.546573,74.745529,51.263336,60.323063,38.525391,160.155403,18.816531,53.940804
ABCDE_Train_S3,14.180671,1.241131,1.579746,0.539545,2.008910,0.725923,19.518846,7.499862,9.184183,13.361582,14.128619,145.257151,75.063728,54.079639,56.997646,36.350388,154.806473,17.828068,55.595017
ABCDE_Train_S5,14.272326,1.274979,1.793761,0.592869,2.328607,0.839763,21.591529,8.476358,10.473531,14.984820,15.712496,161.571622,77.982800,55.052385,59.463786,36.498821,157.858319,18.819340,54.867242
Original_Murata_SF_S2,1.963959,0.714751,0.787671,0.641153,0.730361,0.677582,1.991446,1.314689,1.519186,1.966534,1.877439,29.086580,8.628625,8.665251,14.399531,3.529723,12.684247,1.365852,5.516424
Original_Murata_SF_S1,4.392916,1.455545,1.653783,1.312994,1.436041,1.329353,4.472030,2.466264,2.669308,3.750512,3.480494,53.158459,17.389188,15.076639,25.690010,5.213992,22.710076,2.698590,7.900185
Original_Murata_SF_S3,3.998824,1.820652,1.887724,1.894239,1.951143,1.847566,4.085759,3.139882,3.362603,4.345007,4.075125,42.359336,15.136932,12.374530,21.150839,4.747676,18.643262,2.680976,7.750048
Original_Murata_SF_S4,3.234221,1.611891,1.716236,1.581198,1.882738,1.759580,4.209728,3.328474,3.342456,4.157545,4.400294,40.013947,13.946168,11.378578,20.714887,4.853035,19.119992,2.790733,7.321412
ABCDE_Train_S1,10.184940,1.308223,1.868208,0.766623,2.268235,1.114026,15.756417,8.643753,8.862424,11.857412,11.937124,120.456938,67.360307,49.784988,46.214672,35.960635,109.163475,22.317873,47.000794
baseline_degree_mix_sum_SF_10_HY_10_2_12_L6_S1,0.291760,0.033329,0.052013,0.015124,0.047574,0.021980,0.378766,0.210571,0.263585,0.353823,0.294494,3.881057,1.117537,1.594729,1.693946,0.434482,2.002899,0.264447,0.746726
baseline_degree_mix_sum_SF_10_HY_10_2_12_L7_S1,0.341506,0.037258,0.058271,0.016873,0.054008,0.024654,0.427346,0.225343,0.291631,0.406413,0.333437,4.348499,1.262299,1.780587,1.895623,0.486570,2.246646,0.288923,0.845149
baseline_degree_mix_sum_SF_10_HY_10_2_12_L7_S3,0.233422,0.023959,0.038297,0.016863,0.037607,0.018465,0.297452,0.165832,0.210067,0.296875,0.236451,3.140401,0.867694,1.260612,1.374611,0.335850,1.569394,0.208567,0.581768
baseline_degree_mix_sum_SF_10_HY_10_2_12_L6_S4,0.207380,0.021335,0.034310,0.012041,0.033330,0.016351,0.260272,0.145581,0.184573,0.260826,0.205702,2.835199,0.765738,1.128162,1.228464,0.296654,1.401042,0.185300,0.512130
baseline_degree_mix_sum_SF_10_HY_10_2_12_L6_S2,0.430508,0.044205,0.067261,0.020185,0.063119,0.029482,0.614957,0.277876,0.350808,0.495778,0.515521,5.512949,1.859954,2.043570,2.530875,0.677683,2.927078,0.324739,1.142515
baseline_degree_mix_sum_SF_10_HY_10_2_12_L6_S5,0.413370,0.044007,0.066750,0.021348,0.063434,0.030503,0.612545,0.279332,0.328398,0.480592,0.521680,5.578549,1.856630,2.043244,2.506371,0.671110,2.895063,0.310582,1.136710
baseline_degree_mix_sum_SF_10_HY_10_2_12_L6_S3,0.577189,0.063412,0.096150,0.026325,0.092613,0.040636,0.925189,0.392173,0.486435,0.679188,0.762899,8.007010,2.483725,2.960969,3.467577,0.993638,4.051537,0.470829,1.709101
baseline_degree_mix_sum_SF_10_HY_10_2_12_L7_S2,0.475697,0.049118,0.074338,0.022895,0.071967,0.033875,0.711113,0.320432,0.393250,0.544670,0.599626,6.199896,2.111001,2.269853,2.818966,0.761910,3.263855,0.370326,1.298329
baseline_degree_mix_sum_SF_10_HY_10_2_12_L7_S5,0.344023,0.037332,0.058207,0.016831,0.054066,0.024649,0.430194,0.239158,0.276906,0.402942,0.336722,4.340930,1.262832,1.782902,1.887121,0.493775,2.244201,0.301031,0.841121
baseline_degree_mix_sum_SF_10_HY_10_2_12_L8_S1,0.369840,0.041390,0.064451,0.018852,0.060723,0.027536,0.478179,0.268211,0.312066,0.442526,0.377617,4.792320,1.406110,1.964195,2.086473,0.548083,2.485013,0.329237,0.936713
baseline_degree_mix_sum_SF_10_HY_10_2_12_L8_S2,0.261190,0.026546,0.042398,0.014796,0.042321,0.020632,0.332768,0.185946,0.237244,0.333542,0.265957,3.441500,0.963229,1.393927,1.521095,0.373072,1.738828,0.232712,0.648954
baseline_degree_mix_sum_SF_10_HY_10_2_12_L8_S3,0.260761,0.028691,0.042256,0.016108,0.043957,0.020677,0.332087,0.185710,0.235849,0.332951,0.264856,3.470839,0.965487,1.393724,1.521544,0.373909,1.736212,0.233231,0.648117
baseline_degree_mix_sum_SF_10_HY_10_2_12_L7_S4,0.643048,0.061357,0.097295,0.024505,0.081660,0.036550,0.898397,0.377332,0.465922,0.680946,0.740167,8.982391,2.929295,3.253197,4.106735,1.015158,4.638168,0.462059,1.712758
baseline_degree_mix_sum_SF_10_HY_10_2_12_L9_S3,0.117773,0.012237,0.016077,0.009950,0.020082,0.011771,0.238240,0.087421,0.121100,0.180154,0.188977,2.609175,0.722720,1.004623,1.046680,0.262901,1.319093,0.106275,0.503666
baseline_degree_mix_sum_SF_10_HY_10_2_12_L9_S2,0.411000,0.045686,0.072216,0.022073,0.067643,0.031486,0.523818,0.284795,0.344285,0.486105,0.413798,5.238528,1.553044,2.152103,2.295211,0.597194,2.729264,0.358862,1.031494
baseline_degree_mix_sum_SF_10_HY_10_2_12_L9_S4,0.402098,0.045528,0.070796,0.020853,0.067284,0.030439,0.524718,0.284877,0.355799,0.493401,0.418155,5.223286,1.554334,2.160336,2.291790,0.601912,2.725441,0.366705,1.029592
baseline_degree_mix_sum_SF_10_HY_10_2_12_L8_S4,0.526304,0.055061,0.083489,0.023940,0.080580,0.037513,0.786613,0.350253,0.435912,0.620059,0.662893,6.880733,2.359167,2.516696,3.138653,0.861752,3.642898,0.408263,1.456783
baseline_degree_mix_sum_SF_10_HY_10_2_12_L8_S5,0.729733,0.079121,0.110023,0.032017,0.118304,0.051731,1.172907,0.485148,0.607236,0.867891,0.963002,9.982055,3.137363,3.660558,4.323796,1.259459,5.041966,0.592605,2.154084
baseline_degree_mix_sum_SF_10_HY_10_2_12_L9_S1,0.585771,0.060317,0.089868,0.027652,0.088767,0.038886,0.849988,0.389072,0.479018,0.681139,0.726250,7.466378,2.583456,2.749632,3.434280,0.931658,3.972003,0.453065,1.582556
baseline_degree_mix_sum_SF_10_HY_10_2_12_L10_S1,0.314407,0.035990,0.052821,0.017918,0.051555,0.025000,0.403258,0.226266,0.289273,0.406222,0.324784,4.133334,1.155855,1.658184,1.814881,0.451965,2.070430,0.281651,0.781433
baseline_degree_mix_sum_SF_10_HY_10_2_12_L10_S4,0.129265,0.013210,0.017272,0.010433,0.024618,0.012522,0.262243,0.095803,0.132948,0.199015,0.208853,2.901027,0.789362,1.089218,1.136554,0.287612,1.434342,0.117358,0.551134
baseline_degree_mix_sum_SF_10_HY_10_2_12_L10_S5,0.451559,0.049576,0.076858,0.022549,0.073842,0.033179,0.575164,0.318794,0.389701,0.544379,0.454973,5.701239,1.697493,2.342551,2.493542,0.655655,2.956998,0.384362,1.128053
baseline_degree_mix_sum_SF_10_HY_10_2_12_L9_S5,0.406967,0.045441,0.071908,0.020755,0.067226,0.030276,0.531278,0.274687,0.352006,0.496396,0.419059,5.240503,1.544214,2.152882,2.287143,0.604521,2.728431,0.363620,1.036670
baseline_degree_mix_sum_SF_10_HY_10_2_12_L10_S2,0.870999,0.081462,0.128449,0.032048,0.111401,0.050945,1.215452,0.513107,0.635968,0.926416,1.016744,11.875488,3.946604,4.281903,5.463225,1.369427,6.168164,0.615620,2.308969
baseline_degree_mix_sum_SF_10_HY_10_2_12_L10_S3,0.128988,0.012774,0.017312,0.009991,0.021434,0.011965,0.262100,0.095745,0.133103,0.197605,0.208119,2.862712,0.789341,1.091602,1.135941,0.287957,1.437536,0.116503,0.550859
Original_Murata_SF_S5,6.073757,2.511116,2.554387,2.362519,2.684846,2.578361,5.912389,4.333743,4.788306,6.067614,5.598652,56.299338,22.539583,17.050156,33.953680,8.529578,27.374222,4.173329,10.509887
baseline_degree_mix_mass_4_SF_10_HY_10_2_12_L2_S3,0.047075,0.005483,0.007206,0.004242,0.007819,0.004790,0.080588,0.028184,0.038017,0.057660,0.056513,1.227623,0.294841,0.474941,0.493656,0.096522,0.590771,0.037800,0.191900
baseline_degree_mix_mass_4_SF_10_HY_10_2_12_L2_S1,0.113463,0.012669,0.021049,0.006727,0.015857,0.008569,0.134561,0.070107,0.087913,0.125745,0.100989,1.770634,0.434306,0.702394,0.751921,0.160058,0.851725,0.095640,0.278548
baseline_degree_mix_mass_4_SF_10_HY_10_2_12_L2_S2,0.113713,0.013048,0.021058,0.007153,0.016583,0.012229,0.134966,0.070223,0.088060,0.127346,0.100311,1.761777,0.435205,0.702890,0.751764,0.161180,0.851343,0.096174,0.275735
baseline_degree_mix_mass_5_SF_10_HY_10_2_12_L2_S5,0.129098,0.014412,0.024063,0.007498,0.018101,0.009265,0.148248,0.075367,0.093807,0.136310,0.109024,2.051012,0.490742,0.807566,0.862615,0.178920,0.975292,0.104779,0.306593
baseline_degree_mix_mass_5_SF_10_HY_10_2_12_L2_S1,0.054392,0.005995,0.008037,0.004491,0.007952,0.005044,0.086550,0.029605,0.039541,0.059937,0.058705,1.427758,0.330536,0.545162,0.570708,0.107005,0.675981,0.040623,0.211210
baseline_degree_mix_mass_4_SF_10_HY_10_2_12_L2_S4,0.306718,0.032441,0.052713,0.012259,0.034823,0.016568,0.399946,0.165669,0.202947,0.295668,0.310698,4.929768,1.375600,1.814078,2.153615,0.472396,2.421222,0.218859,0.792565
baseline_degree_mix_mass_5_SF_10_HY_10_2_12_L2_S3,0.344059,0.041333,0.065164,0.015997,0.046544,0.022048,0.492807,0.204565,0.251457,0.357841,0.382291,5.463820,1.486396,2.106492,2.360754,0.556453,2.683549,0.269950,0.947290
baseline_degree_mix_mass_4_SF_10_HY_10_2_12_L2_S5,0.171080,0.020728,0.031549,0.008372,0.022730,0.011081,0.197948,0.101119,0.122463,0.181808,0.145131,2.471992,0.628227,0.991371,1.042045,0.235695,1.205113,0.141236,0.399887
baseline_degree_mix_mass_5_SF_10_HY_10_2_12_L2_S2,0.344677,0.036777,0.060299,0.013764,0.037738,0.017766,0.430748,0.179533,0.215122,0.321149,0.336149,5.570917,1.532575,2.081800,2.441778,0.517889,2.735782,0.243041,0.871560
baseline_degree_mix_mass_6_SF_10_HY_10_2_12_L2_S2,0.280164,0.032544,0.051552,0.013199,0.034589,0.016350,0.367609,0.154689,0.187264,0.275181,0.281808,4.278853,1.189781,1.629600,1.881296,0.428210,2.137569,0.205757,0.703832
baseline_degree_mix_mass_5_SF_10_HY_10_2_12_L2_S4,0.126362,0.014151,0.023896,0.007399,0.016951,0.009168,0.147768,0.075275,0.095559,0.137901,0.109190,2.088075,0.490230,0.810247,0.862974,0.178920,0.976424,0.104930,0.306715
baseline_degree_mix_mass_6_SF_10_HY_10_2_12_L2_S3,0.139425,0.018349,0.026682,0.008238,0.018489,0.009768,0.160051,0.080609,0.101660,0.144805,0.117980,2.721849,0.548559,0.913945,0.973404,0.197989,1.101330,0.114204,0.337352
baseline_degree_mix_mass_6_SF_10_HY_10_2_12_L2_S4,0.140300,0.015720,0.026984,0.008063,0.017758,0.009879,0.161557,0.080179,0.099890,0.144193,0.118831,2.308185,0.546173,0.913528,0.973620,0.197807,1.099606,0.114087,0.336429
baseline_degree_mix_mass_6_SF_10_HY_10_2_12_L2_S1,0.057624,0.006697,0.008900,0.004861,0.008453,0.005394,0.092442,0.031046,0.041254,0.060413,0.061069,1.640099,0.367660,0.618455,0.646028,0.114876,0.763047,0.043565,0.233504
baseline_degree_mix_mass_7_SF_10_HY_10_2_12_L2_S1,0.227129,0.027070,0.046005,0.010494,0.027218,0.013328,0.256840,0.123105,0.151886,0.217783,0.181283,3.505767,0.874556,1.427538,1.505976,0.316348,1.741715,0.182194,0.534607
baseline_degree_mix_mass_7_SF_10_HY_10_2_12_L2_S5,0.152688,0.017493,0.029662,0.008679,0.018897,0.010450,0.177439,0.085240,0.105886,0.153898,0.126233,2.591484,0.602783,1.019235,1.085592,0.215967,1.227212,0.123941,0.367382
baseline_degree_mix_mass_8_SF_10_HY_10_2_12_L2_S2,0.167673,0.019176,0.034453,0.009009,0.023562,0.010871,0.189987,0.090751,0.112609,0.165598,0.135187,2.873168,0.662118,1.126451,1.196959,0.236604,1.352056,0.133094,0.401461
baseline_degree_mix_mass_7_SF_10_HY_10_2_12_L2_S2,0.414863,0.050897,0.080853,0.017588,0.052050,0.024801,0.546174,0.224028,0.272266,0.399030,0.412858,6.794698,1.775049,2.643792,2.935545,0.656598,3.306355,0.318116,1.096342
baseline_degree_mix_mass_7_SF_10_HY_10_2_12_L2_S3,0.415150,0.045748,0.075977,0.017835,0.043115,0.020185,0.504944,0.204783,0.251606,0.366644,0.380469,6.952164,1.836765,2.625272,3.048315,0.607444,3.393539,0.289982,1.025863
baseline_degree_mix_mass_7_SF_10_HY_10_2_12_L2_S4,0.417675,0.045798,0.075732,0.016077,0.043902,0.020268,0.506657,0.200920,0.247382,0.367859,0.378453,6.996464,1.844271,2.641688,3.064622,0.618666,3.415002,0.292054,1.034301
baseline_degree_mix_mass_8_SF_10_HY_10_2_12_L2_S1,0.323777,0.039639,0.062967,0.015406,0.039078,0.018332,0.397401,0.170421,0.213426,0.308687,0.315791,5.177765,1.395684,2.003747,2.336737,0.492375,2.578015,0.240794,0.819672
baseline_degree_mix_mass_9_SF_10_HY_10_2_12_L2_S3,0.179144,0.020553,0.037105,0.009308,0.021057,0.011134,0.203959,0.097185,0.118543,0.173547,0.146559,3.018595,0.719984,1.231131,1.308236,0.253972,1.477213,0.142237,0.433617
baseline_degree_mix_mass_9_SF_10_HY_10_2_12_L2_S2,0.181445,0.020479,0.035698,0.009707,0.020985,0.011553,0.204188,0.096246,0.118770,0.173616,0.147436,3.062218,0.718728,1.231540,1.308763,0.253723,1.478108,0.143317,0.432091
baseline_degree_mix_mass_9_SF_10_HY_10_2_12_L2_S1,0.260456,0.032012,0.054726,0.011944,0.031496,0.014827,0.304510,0.141831,0.174172,0.251717,0.213570,4.249920,1.040055,1.737136,1.821121,0.377553,2.087874,0.208380,0.635860
baseline_degree_mix_mass_9_SF_10_HY_10_2_12_L2_S4,0.179817,0.020424,0.035443,0.009831,0.021619,0.011250,0.202792,0.096393,0.119026,0.174517,0.145451,3.033710,0.721290,1.231006,1.309680,0.255665,1.480565,0.142749,0.432278
baseline_degree_mix_mass_9_SF_10_HY_10_2_12_L2_S5,0.252540,0.030360,0.049801,0.010881,0.028447,0.013523,0.294383,0.132249,0.162970,0.241086,0.206405,4.139881,0.999713,1.661429,1.749458,0.364034,2.011948,0.200493,0.610937
baseline_degree_mix_mass_10_SF_10_HY_10_2_12_L2_S2,0.192711,0.022023,0.038591,0.013482,0.022105,0.012350,0.218399,0.101360,0.126563,0.184875,0.152499,3.379779,0.775694,1.339987,1.420477,0.273885,1.603001,0.151909,0.464702
baseline_degree_mix_mass_10_SF_10_HY_10_2_12_L2_S3,0.192751,0.024781,0.040339,0.010331,0.022519,0.012475,0.217824,0.101337,0.125131,0.183389,0.153101,3.377088,0.774665,1.339668,1.420060,0.273044,1.602467,0.151802,0.465948
baseline_degree_mix_mass_10_SF_10_HY_10_2_12_L2_S5,0.281637,0.034553,0.057992,0.012734,0.032899,0.015577,0.322604,0.150932,0.184342,0.254678,0.228436,4.597367,1.129214,1.881544,1.980206,0.405610,2.267571,0.229237,0.685837
baseline_degree_mix_mass_10_SF_10_HY_10_2_12_L2_S1,0.521435,0.059142,0.098511,0.018594,0.051885,0.024099,0.614632,0.247523,0.292925,0.443354,0.450958,9.004605,2.316435,3.465438,4.011760,0.763611,4.406015,0.359828,1.275725
baseline_degree_mix_mass_11_SF_10_HY_10_2_12_L2_S2,0.306177,0.038276,0.062390,0.013341,0.034802,0.016374,0.343886,0.159496,0.194649,0.284759,0.244980,4.947210,1.201614,2.030695,2.143368,0.423874,2.446574,0.244520,0.725934
baseline_degree_mix_mass_8_SF_10_HY_10_2_12_L2_S4,0.450193,0.050137,0.083993,0.015948,0.046005,0.021433,0.537215,0.219827,0.267409,0.393004,0.400172,7.647779,1.992167,2.897377,3.357238,0.662491,3.720880,0.317716,1.111681
baseline_degree_mix_mass_10_SF_10_HY_10_2_12_L2_S4,0.193418,0.022021,0.040761,0.010379,0.024137,0.012188,0.217999,0.103655,0.125098,0.185018,0.152685,3.327109,0.774477,1.336378,1.419382,0.273983,1.603788,0.151834,0.464725
baseline_degree_mix_mass_11_SF_10_HY_10_2_12_L2_S3,0.206003,0.025783,0.041306,0.010940,0.023428,0.012915,0.230661,0.108858,0.132178,0.193130,0.165383,3.608098,0.832415,1.442827,1.534090,0.292459,1.727723,0.161810,0.495507
baseline_degree_mix_mass_11_SF_10_HY_10_2_12_L2_S1,0.299175,0.036991,0.062296,0.013258,0.034893,0.016318,0.341076,0.153454,0.194661,0.278768,0.241369,5.007434,1.207974,2.030311,2.140367,0.430849,2.449097,0.244091,0.726410
baseline_degree_mix_mass_8_SF_10_HY_10_2_12_L2_S3,0.455553,0.055520,0.088674,0.018392,0.055222,0.026156,0.584826,0.234296,0.289669,0.419035,0.431666,7.450874,1.919102,2.944038,3.468712,0.689671,3.762681,0.352254,1.362525
baseline_degree_mix_mass_12_SF_10_HY_10_2_12_L2_S1,0.315489,0.040369,0.066830,0.014198,0.036741,0.017368,0.363165,0.168720,0.205698,0.293476,0.257615,5.378988,1.288311,2.182908,2.295863,0.456208,2.617619,0.249800,0.779470
baseline_degree_mix_mass_11_SF_10_HY_10_2_12_L2_S4,0.405701,0.049543,0.080194,0.016761,0.045717,0.021429,0.478097,0.202757,0.241226,0.363126,0.365088,6.647622,1.714620,2.569764,2.919594,0.575700,3.247938,0.292165,0.986625
baseline_degree_mix_mass_12_SF_10_HY_10_2_12_L2_S4,0.219885,0.025306,0.044029,0.011650,0.024555,0.013596,0.248191,0.112006,0.139335,0.203929,0.170907,3.901869,0.890706,1.548443,1.646357,0.311489,1.856435,0.171445,0.527944
baseline_degree_mix_mass_11_SF_10_HY_10_2_12_L2_S5,0.206783,0.023619,0.043328,0.011123,0.023651,0.012919,0.233356,0.106952,0.131427,0.193092,0.165248,3.572986,0.831337,1.442878,1.531664,0.292981,1.727642,0.161267,0.496196
baseline_degree_mix_mass_8_SF_10_HY_10_2_12_L2_S5,0.446766,0.050153,0.083214,0.015967,0.045983,0.021561,0.541424,0.220321,0.266021,0.393890,0.399138,7.641226,2.000842,2.917150,3.414322,0.666560,3.743174,0.312520,1.114170
baseline_degree_mix_mass_12_SF_10_HY_10_2_12_L2_S3,0.592658,0.068078,0.114021,0.020590,0.057525,0.026836,0.676903,0.271880,0.332731,0.495759,0.487776,10.428502,2.610559,3.997342,4.571043,0.859234,5.034461,0.405210,1.431144
baseline_degree_mix_mass_12_SF_10_HY_10_2_12_L2_S2,0.319029,0.040072,0.066778,0.014176,0.036619,0.017143,0.362931,0.167902,0.205220,0.287342,0.258076,5.363149,1.290467,2.179023,2.303152,0.451557,2.627190,0.243154,0.776193
baseline_degree_mix_mass_6_SF_10_HY_10_2_12_L2_S5,0.199664,0.024551,0.040369,0.009732,0.026886,0.012561,0.237844,0.115544,0.142645,0.200218,0.169235,3.132343,0.791098,1.283330,1.346713,0.291067,1.556972,0.168220,0.490442
baseline_degree_mix_mass_6_SF_10_HY_10_2_8_L2_S4,0.126234,0.014750,0.025697,0.007118,0.014514,0.008043,0.137522,0.065749,0.081007,0.118412,0.094859,2.187642,0.503830,0.886251,0.937866,0.174513,1.051689,0.099745,0.296451
baseline_degree_mix_mass_6_SF_10_HY_10_2_8_L2_S3,0.126227,0.014653,0.025877,0.007203,0.014675,0.008368,0.138316,0.065800,0.083964,0.118362,0.094666,2.280819,0.500827,0.886406,0.937690,0.174729,1.051506,0.099472,0.295526
baseline_degree_mix_mass_6_SF_10_HY_10_2_8_L2_S2,0.185054,0.022996,0.038713,0.008698,0.020646,0.010617,0.208446,0.094301,0.114649,0.170231,0.143030,3.099691,0.732389,1.250037,1.311271,0.261798,1.500398,0.143901,0.441009
baseline_degree_mix_mass_12_SF_10_HY_10_2_12_L2_S5,0.323701,0.039551,0.067856,0.014078,0.036770,0.017339,0.363744,0.168660,0.201874,0.281279,0.251006,5.324641,1.287520,2.178079,2.295917,0.450655,2.617433,0.255067,0.772239
baseline_degree_mix_mass_6_SF_10_HY_10_2_16_L2_S2,0.413785,0.048471,0.076291,0.018977,0.056818,0.027283,0.606998,0.245582,0.303241,0.425445,0.474370,6.572382,1.797225,2.441480,2.732030,0.689623,3.122740,0.328179,1.168779
baseline_degree_mix_mass_6_SF_10_HY_10_2_16_L2_S4,0.296917,0.033971,0.053256,0.014369,0.039543,0.018890,0.413926,0.173146,0.212877,0.312275,0.329216,4.450089,1.253548,1.761176,1.942307,0.482938,2.171661,0.227060,0.793576
baseline_degree_mix_mass_6_SF_10_HY_10_2_8_L2_S5,0.343734,0.039178,0.065250,0.012968,0.033760,0.015651,0.410789,0.161242,0.192624,0.288559,0.296757,5.994010,1.490206,2.289594,2.602215,0.505980,2.869970,0.236477,0.844742
baseline_degree_mix_mass_6_SF_10_HY_10_2_16_L2_S1,0.398766,0.042202,0.069128,0.015316,0.043309,0.020901,0.510108,0.210099,0.253004,0.372495,0.397327,6.417486,1.721461,2.391510,2.821827,0.612181,3.094242,0.282598,1.023748
baseline_degree_mix_mass_6_SF_10_HY_10_2_16_L2_S5,0.302128,0.034671,0.052963,0.014340,0.039551,0.019137,0.411941,0.168614,0.214158,0.309898,0.339065,4.452620,1.248261,1.664594,1.935941,0.480016,2.181422,0.225215,0.800760
baseline_degree_mix_mass_6_SF_10_HY_10_2_24_L2_S3,0.353161,0.037523,0.057679,0.017660,0.050839,0.024135,0.543969,0.225657,0.281905,0.400821,0.456414,5.047234,1.538092,1.794602,2.249880,0.605193,2.510466,0.278550,1.015294
baseline_degree_mix_mass_6_SF_10_HY_10_2_24_L2_S4,0.360691,0.038161,0.058140,0.017332,0.051242,0.024372,0.572884,0.223724,0.276380,0.396554,0.467451,5.031933,1.548556,1.798268,2.162111,0.608450,2.530167,0.273560,1.035822
baseline_degree_mix_mass_6_SF_10_HY_10_2_32_L2_S2,0.183389,0.021355,0.032772,0.011810,0.028904,0.017219,0.260388,0.127428,0.161724,0.229323,0.209235,2.596478,0.731195,1.012824,1.095700,0.289381,1.299229,0.162324,0.505966
baseline_degree_mix_mass_6_SF_10_HY_10_2_32_L2_S1,0.183266,0.022079,0.032647,0.011937,0.028701,0.017185,0.259566,0.127472,0.163164,0.229071,0.209819,2.493762,0.730954,1.008815,1.096966,0.289603,1.301016,0.162491,0.507409
baseline_degree_mix_mass_6_SF_10_HY_10_2_8_L2_S1,0.189130,0.024447,0.038675,0.008821,0.020675,0.010677,0.207378,0.094414,0.114693,0.168504,0.142621,3.077351,0.732772,1.251450,1.316411,0.265644,1.500044,0.146425,0.445934
baseline_degree_mix_mass_6_SF_10_HY_10_2_24_L2_S5,0.255992,0.030252,0.046659,0.013316,0.040789,0.019222,0.318829,0.169227,0.217993,0.299142,0.248348,3.411373,0.968670,1.396949,1.480901,0.371509,1.745530,0.229362,0.638847
baseline_degree_mix_mass_6_SF_10_HY_10_2_16_L2_S3,0.228558,0.025959,0.042219,0.010919,0.030879,0.014857,0.254370,0.133518,0.172196,0.241688,0.186685,3.194986,0.822990,1.318000,1.375439,0.310527,1.596739,0.187900,0.520113
baseline_degree_mix_mass_6_SF_10_HY_10_2_24_L2_S1,0.355248,0.037779,0.058093,0.017341,0.051111,0.024317,0.552618,0.224144,0.278933,0.396677,0.456495,5.015302,1.550807,1.804788,2.163013,0.606405,2.521717,0.281908,1.023352
baseline_degree_mix_mass_6_SF_10_HY_10_2_64_L2_S3,0.134714,0.010540,0.014876,0.007519,0.025209,0.011249,0.314933,0.130488,0.170563,0.233227,0.271744,2.127541,0.744303,0.791021,0.816528,0.320659,1.167304,0.144475,0.601674
baseline_degree_mix_mass_6_SF_10_HY_10_2_64_L2_S5,0.264601,0.024556,0.037642,0.014852,0.049166,0.023147,0.435830,0.216342,0.278929,0.390256,0.370088,3.025902,1.057707,1.183967,1.314302,0.456669,1.650988,0.254394,0.801341
baseline_degree_mix_mass_6_SF_10_HY_10_2_64_L2_S1,0.347930,0.037102,0.054481,0.034597,0.066146,0.030385,0.597887,0.283257,0.350534,0.494601,0.499753,4.077863,1.472700,1.609645,1.669410,0.630450,2.251928,0.336628,1.108639
baseline_degree_mix_mass_6_SF_10_HY_10_2_128_L2_S1,0.452692,0.037470,0.052730,0.025121,0.096763,0.043148,0.813382,0.424726,0.553239,0.767091,0.726591,3.966949,1.749452,1.584843,1.795662,0.809834,2.391573,0.468503,1.452380
baseline_degree_mix_mass_6_SF_10_HY_10_2_128_L2_S2,0.452192,0.037620,0.052675,0.025044,0.097285,0.042958,0.813983,0.424572,0.555056,0.768012,0.727090,4.021708,1.754487,1.586001,1.797984,0.810013,2.395901,0.469078,1.453827
baseline_degree_mix_mass_6_SF_10_HY_10_2_128_L2_S3,0.642694,0.060737,0.087407,0.037125,0.145249,0.061348,1.214927,0.594293,0.774998,1.055844,1.078806,5.621077,2.621604,2.320452,2.366866,1.207776,3.531477,0.671603,2.174778
baseline_degree_mix_mass_6_SF_10_HY_10_2_32_L2_S5,0.406379,0.041036,0.061598,0.020195,0.063633,0.030366,0.671773,0.318167,0.348143,0.500005,0.622888,5.378796,1.738980,1.895167,2.304230,0.708428,2.716302,0.343937,1.212462
baseline_degree_mix_mass_6_SF_10_HY_10_2_128_L2_S4,0.649140,0.060646,0.086837,0.035403,0.148417,0.062036,1.215040,0.597448,0.762236,1.047621,1.060656,5.625320,2.619307,2.308520,2.355164,1.207362,3.526880,0.681248,2.178061
baseline_degree_mix_mass_6_SF_10_HY_10_2_32_L2_S3,0.095277,0.008841,0.011374,0.006626,0.016304,0.008986,0.173577,0.078885,0.103228,0.140877,0.137029,1.767921,0.501863,0.699820,0.724571,0.188418,0.907564,0.091772,0.366790
baseline_degree_mix_mass_6_SF_10_HY_10_2_64_L2_S4,0.264392,0.025926,0.037609,0.014864,0.049181,0.023248,0.435496,0.216172,0.278862,0.390517,0.370186,3.058987,1.059047,1.183671,1.315750,0.455503,1.651349,0.254449,0.799068
baseline_degree_mix_mass_6_SF_10_HY_10_2_32_L2_S4,0.298727,0.033372,0.050522,0.015882,0.050656,0.025409,0.365407,0.208461,0.270319,0.384626,0.288556,3.478769,1.042852,1.484412,1.530219,0.413652,1.831572,0.259748,0.717364
baseline_degree_mix_mass_6_SF_10_HY_10_2_24_L2_S2,0.179379,0.018674,0.030145,0.010492,0.028206,0.014248,0.218812,0.125200,0.158749,0.225163,0.171223,2.444736,0.656786,0.998098,1.078229,0.251233,1.220971,0.160140,0.435981
baseline_degree_mix_mass_6_SF_10_HY_10_2_64_L2_S2,0.379568,0.039075,0.058970,0.080876,0.071353,0.033171,0.609533,0.292129,0.375582,0.524912,0.508242,4.154043,1.512058,1.682663,1.751538,0.644627,2.327732,0.367301,1.139087
baseline_degree_mix_mass_6_SF_10_HY_10_2_128_L2_S5,0.452296,0.037532,0.052684,0.025348,0.096910,0.043335,0.812128,0.424716,0.553577,0.768916,0.724857,4.011694,1.749623,1.584885,1.799353,0.808038,2.389699,0.469531,1.448766
baseline_degree_mix_mass_6_SF_10_HY_10_2_12_L2_drop0.1_S2,0.139677,0.015796,0.026819,0.008073,0.017813,0.009875,0.161165,0.080195,0.099836,0.144004,0.117843,2.334876,0.546506,0.913377,0.973568,0.197847,1.103688,0.115405,0.337722
baseline_degree_mix_mass_6_SF_10_HY_10_2_12_L2_drop0.3_S2,0.141790,0.015987,0.026741,0.008094,0.017911,0.009821,0.161417,0.081154,0.099603,0.144066,0.119173,2.286379,0.546545,0.912697,0.973481,0.197712,1.102237,0.114171,0.337151
baseline_degree_mix_mass_6_SF_10_HY_10_2_12_L2_drop0.1_S1,0.210070,0.024465,0.040318,0.009873,0.025531,0.012540,0.236251,0.116117,0.142015,0.199255,0.169286,3.152751,0.786493,1.285899,1.349297,0.285336,1.561180,0.168282,0.493421
baseline_degree_mix_mass_6_SF_10_HY_10_2_12_L2_drop0.2_S3,0.206910,0.024472,0.040431,0.009899,0.025606,0.012577,0.232848,0.115427,0.142547,0.208737,0.167400,3.184234,0.796010,1.288681,1.348773,0.288561,1.560877,0.162845,0.495606
baseline_degree_mix_mass_6_SF_10_HY_10_2_12_L2_drop0.1_S3,0.207506,0.024503,0.040372,0.009846,0.026671,0.012795,0.237578,0.115989,0.143289,0.204021,0.169567,3.186274,0.787815,1.280947,1.347700,0.289890,1.553743,0.168363,0.492942
baseline_degree_mix_mass_6_SF_10_HY_10_2_12_L2_drop0.1_S4,0.280619,0.032873,0.052059,0.013220,0.034802,0.016468,0.364143,0.154171,0.192938,0.274321,0.286183,4.308900,1.199602,1.675371,1.898932,0.422895,2.171405,0.209624,0.709321
baseline_degree_mix_mass_6_SF_10_HY_10_2_12_L2_drop0.3_S4,0.279513,0.032349,0.051229,0.013165,0.034379,0.016228,0.361704,0.151488,0.185110,0.272069,0.271426,4.348819,1.188442,1.635293,1.874813,0.418644,2.128904,0.206792,0.698317
baseline_degree_mix_mass_6_SF_10_HY_10_2_12_L2_drop0.2_S1,0.388048,0.045758,0.072903,0.015673,0.049113,0.023460,0.512609,0.216052,0.263115,0.375343,0.398275,6.137600,1.621736,2.379672,2.647897,0.605450,2.996115,0.300118,1.016033
baseline_degree_mix_mass_6_SF_10_HY_10_2_12_L2_drop0.2_S5,0.279582,0.032334,0.052401,0.013239,0.034683,0.016560,0.363962,0.151668,0.186269,0.277164,0.281796,4.261645,1.196815,1.636959,1.873712,0.421291,2.136071,0.208716,0.702562
baseline_degree_mix_mass_6_SF_10_HY_10_2_12_L2_drop0.3_S5,0.281131,0.032514,0.051651,0.013373,0.034765,0.016577,0.359437,0.152566,0.185607,0.275609,0.276584,4.230492,1.191717,1.628289,1.870014,0.424417,2.131735,0.197405,0.699517
baseline_degree_mix_mass_6_SF_10_HY_10_2_12_L2_drop0.1_S5,0.382943,0.041297,0.068075,0.015839,0.040294,0.018975,0.470471,0.192487,0.230792,0.345904,0.355138,6.338318,1.688821,2.363387,2.763766,0.564552,3.078251,0.268571,0.949212
baseline_degree_mix_mass_6_SF_10_HY_10_2_12_L2_drop0.2_S4,0.280633,0.032594,0.051622,0.013567,0.034756,0.016875,0.367519,0.152592,0.187789,0.268875,0.281299,4.282831,1.188127,1.629411,1.872422,0.425198,2.125905,0.205003,0.701262
baseline_degree_mix_mass_6_SF_10_HY_10_2_12_L2_drop0.3_S1,0.139422,0.015707,0.028597,0.007934,0.017920,0.009711,0.161034,0.080083,0.099893,0.145127,0.117659,2.317574,0.546358,0.914727,0.973679,0.197639,1.100828,0.114622,0.337529
baseline_degree_mix_mass_6_SF_10_HY_10_2_12_L2_drop0.4_S1,0.140138,0.015747,0.027025,0.008022,0.019860,0.009945,0.160471,0.080260,0.099752,0.144091,0.117709,2.302511,0.546065,0.912980,0.973683,0.198289,1.100619,0.114046,0.336953
baseline_degree_mix_mass_6_SF_10_HY_10_2_12_L2_drop0.4_S2,0.209643,0.024513,0.040357,0.009800,0.025570,0.012660,0.232588,0.115579,0.142385,0.206473,0.169221,3.179490,0.793982,1.282992,1.346234,0.290338,1.552989,0.169081,0.492817
baseline_degree_mix_mass_6_SF_10_HY_10_2_12_L2_drop0.2_S2,0.281034,0.032681,0.051806,0.013312,0.034742,0.016543,0.360759,0.154246,0.186101,0.276167,0.278774,4.317831,1.196832,1.641364,1.882966,0.422009,2.140348,0.210750,0.707818
baseline_degree_mix_mass_6_SF_10_HY_10_2_12_L2_drop0.4_S3,0.206328,0.025785,0.040378,0.009882,0.025699,0.012721,0.232118,0.115507,0.137808,0.203666,0.169270,3.157409,0.793236,1.281370,1.356493,0.288814,1.564085,0.168289,0.487418
baseline_degree_mix_mass_6_SF_10_HY_10_2_12_L2_drop0.4_S4,0.208693,0.024497,0.040346,0.009717,0.025582,0.012502,0.235265,0.116399,0.142363,0.209445,0.169103,3.147416,0.786719,1.283438,1.352745,0.288198,1.556703,0.168320,0.494881
baseline_degree_mix_mass_6_SF_10_HY_10_2_12_L2_drop0.7_S2,0.139544,0.016132,0.026821,0.008056,0.017810,0.009777,0.163326,0.080155,0.099696,0.144047,0.117004,2.353798,0.546640,0.914845,0.973694,0.196731,1.100404,0.114057,0.336164
baseline_degree_mix_mass_6_SF_10_HY_10_2_12_L2_drop0.7_S4,0.139446,0.015842,0.026968,0.007991,0.018009,0.009815,0.161304,0.082332,0.099608,0.144009,0.119104,2.340732,0.546593,0.913091,0.974681,0.196009,1.101272,0.114083,0.338206
baseline_degree_mix_mass_6_SF_10_HY_10_2_12_L2_drop0.7_S1,0.039667,0.009904,0.012167,0.010937,0.009866,0.008666,0.047329,0.019167,0.022022,0.031715,0.032513,0.733010,0.142987,0.239151,0.251989,0.057008,0.292726,0.029704,0.103825
baseline_degree_mix_mass_6_SF_10_HY_10_2_12_L2_drop0.4_S5,0.274718,0.032323,0.051279,0.013161,0.068697,0.016403,0.362862,0.192624,0.186675,0.272141,0.319733,4.329468,1.194399,1.629712,1.879256,0.423115,2.129348,0.204024,0.714088
baseline_degree_mix_mass_6_SF_10_HY_10_2_12_L2_drop0.5_S3,0.279630,0.034474,0.051773,0.013443,0.035504,0.016588,0.356393,0.154012,0.180293,0.271698,0.280781,4.325774,1.188530,1.632001,1.879343,0.425454,2.128360,0.210396,0.711565
baseline_degree_mix_mass_6_SF_10_HY_10_2_12_L2_drop0.5_S1,0.388860,0.045818,0.073085,0.015935,0.049287,0.023466,0.519861,0.207951,0.251653,0.375425,0.393199,6.123172,1.627924,2.376859,2.643502,0.611384,3.002038,0.296519,1.024021
baseline_degree_mix_mass_6_SF_10_HY_10_2_12_L2_drop0.5_S4,0.379632,0.041408,0.069068,0.014354,0.040244,0.018921,0.468974,0.192804,0.231443,0.340725,0.360017,6.331446,1.691457,2.364304,2.760599,0.569135,3.078608,0.269299,0.955255
baseline_degree_mix_mass_6_SF_10_HY_10_2_12_L2_drop0.5_S2,0.276228,0.033195,0.052118,0.013334,0.035040,0.016661,0.361001,0.155189,0.187230,0.278723,0.286211,4.351592,1.218453,1.651923,1.897820,0.430675,2.148221,0.204266,0.706947
baseline_degree_mix_mass_6_SF_10_HY_10_2_12_L2_drop0.5_S5,0.276280,0.032547,0.051602,0.013333,0.034856,0.016878,0.364625,0.153434,0.188741,0.272611,0.282695,4.276685,1.199860,1.628983,1.880338,0.430727,2.139845,0.207887,0.697655
baseline_degree_mix_mass_6_SF_10_HY_10_2_12_L2_drop0.7_S5,0.121372,0.014897,0.024495,0.009331,0.017389,0.011613,0.135267,0.070362,0.087518,0.124805,0.097085,2.044903,0.462043,0.776986,0.831713,0.164816,0.926755,0.099797,0.280885
baseline_degree_mix_mass_6_SF_10_HY_10_2_12_L2_drop0.7_S3,0.282481,0.033346,0.051932,0.013375,0.034760,0.016652,0.367252,0.154134,0.186264,0.269804,0.279349,4.299664,1.188883,1.625959,1.872741,0.419720,2.133774,0.206893,0.708667
baseline_degree_mix_mass_6_SF_10_HY_10_2_12_L2_drop0.3_E20_S4,0.380713,0.041274,0.067913,0.014582,0.040442,0.019017,0.473215,0.191458,0.231855,0.347564,0.359902,6.228696,1.680419,2.355336,2.741613,0.570877,3.061688,0.266836,0.946372
baseline_degree_mix_mass_6_SF_10_HY_10_2_12_L2_drop0.3_E30_S4,0.276169,0.032549,0.051709,0.013057,0.034526,0.016334,0.363379,0.152925,0.187245,0.272471,0.271248,4.261774,1.193941,1.638319,1.882248,0.421810,2.130187,0.207181,0.707934
baseline_degree_mix_mass_6_SF_10_HY_10_2_12_L2_drop0.3_E30_S5,0.278833,0.032759,0.051973,0.013361,0.034831,0.016534,0.368190,0.155096,0.190263,0.273590,0.283900,4.305579,1.195268,1.647943,1.890343,0.419846,2.140859,0.207525,0.709881
baseline_degree_mix_mass_6_SF_10_HY_10_2_12_L2_drop0.3_E40_S4,0.121322,0.014947,0.023855,0.009229,0.017512,0.010629,0.134730,0.070537,0.087466,0.126521,0.095982,1.961502,0.459680,0.777666,0.829242,0.164925,0.928383,0.100082,0.281545
baseline_degree_mix_mass_6_SF_10_HY_10_2_12_L2_drop0.3_E30_S2,0.275130,0.032540,0.051574,0.013407,0.034620,0.018094,0.366940,0.153983,0.189736,0.273280,0.281234,4.254987,1.192939,1.647354,1.870240,0.420427,2.130797,0.210454,0.702425
baseline_degree_mix_mass_6_SF_10_HY_10_2_12_L2_drop0.3_E30_S3,0.284379,0.033900,0.051797,0.013431,0.034719,0.016546,0.367348,0.154836,0.186151,0.271744,0.283633,4.297208,1.197813,1.643714,2.325253,0.419164,2.139495,0.207641,0.702880
baseline_degree_mix_mass_6_SF_10_HY_10_2_12_L2_drop0.3_E30_S1,0.278299,0.032327,0.051229,0.013095,0.034714,0.016351,0.355058,0.147821,0.190542,0.270621,0.281989,4.335027,1.188170,1.633387,1.879178,0.428747,2.136915,0.205554,0.709068
baseline_degree_mix_mass_6_SF_10_HY_10_2_12_L2_drop0.3_E20_S1,0.206051,0.024591,0.040407,0.009841,0.025656,0.012704,0.232295,0.115595,0.142526,0.201130,0.169883,3.176624,0.788479,1.278642,1.346452,0.292588,1.559681,0.168234,0.496431
baseline_degree_mix_mass_6_SF_10_HY_10_2_12_L2_drop0.3_E40_S3,0.280822,0.032861,0.053603,0.013648,0.035000,0.016624,0.361799,0.155416,0.192084,0.276905,0.277699,4.292808,1.197755,1.958791,1.934070,0.425427,2.217490,0.206272,0.703921
baseline_degree_mix_mass_6_SF_10_HY_10_2_12_L2_drop0.3_E20_S2,0.383782,0.045787,0.072922,0.015900,0.049296,0.023417,0.516588,0.211222,0.261286,0.382852,0.392943,6.104274,1.626954,2.372627,2.650697,0.605835,3.002340,0.297031,1.017823
baseline_degree_mix_mass_6_SF_10_HY_10_2_12_L2_drop0.3_E20_S5,0.139595,0.015745,0.026780,0.010521,0.017898,0.009908,0.163816,0.080107,0.099761,0.144070,0.118273,2.335210,0.547241,0.913040,0.973585,0.197127,1.101143,0.114043,0.336454
baseline_degree_mix_mass_6_SF_10_HY_10_2_12_L2_drop0.3_E40_S5,0.140843,0.015789,0.026932,0.007913,0.017854,0.009789,0.161919,0.080063,0.099592,0.143976,0.116998,2.325188,0.546151,0.913995,0.973280,0.197296,1.100616,0.114481,0.339255
baseline_degree_mix_mass_6_SF_10_HY_10_2_12_L2_drop0.3_E60_S1,0.057930,0.006736,0.010696,0.004900,0.008685,0.005475,0.092738,0.031098,0.041483,0.060699,0.061015,1.625908,0.367439,0.619034,0.646805,0.114410,0.761862,0.043682,0.232072
baseline_degree_mix_mass_6_SF_10_HY_10_2_12_L2_drop0.3_E60_S4,0.057628,0.007183,0.008954,0.005150,0.008811,0.005737,0.092567,0.031020,0.041216,0.060582,0.060941,1.639615,0.367280,0.617395,0.646148,0.115278,0.762559,0.043604,0.233111
baseline_degree_mix_mass_6_SF_10_HY_10_2_12_L2_drop0.3_E20_S3,0.139553,0.015802,0.026742,0.008012,0.019927,0.009744,0.161906,0.080165,0.099719,0.145998,0.117141,2.368721,0.547081,0.913414,0.975409,0.197791,1.100829,0.115046,0.340034
baseline_degree_mix_mass_6_SF_10_HY_10_2_12_L2_drop0.3_E60_S2,0.205505,0.024544,0.040443,0.009835,0.025616,0.012636,0.234054,0.115642,0.138705,0.196811,0.169214,3.118752,0.791279,1.287997,1.354058,0.292415,1.563480,0.162907,0.489344
baseline_degree_mix_mass_6_SF_10_HY_10_2_12_L2_drop0.3_E50_S2,0.057640,0.006822,0.009117,0.005015,0.008600,0.005526,0.092705,0.031119,0.041474,0.060678,0.061043,1.615258,0.367598,0.617739,0.646733,0.114642,0.761679,0.043594,0.232082
baseline_degree_mix_mass_6_SF_10_HY_10_2_12_L2_drop0.3_E40_S1,0.206614,0.024645,0.040397,0.009889,0.025627,0.012703,0.236372,0.115544,0.142422,0.208487,0.169251,3.198955,0.786742,1.288592,1.351449,0.290784,1.557690,0.168339,0.495155
baseline_degree_mix_mass_6_SF_10_HY_10_2_12_L2_drop0.3_E40_S2,0.139445,0.015733,0.026819,0.008034,0.017826,0.009871,0.161509,0.080851,0.099540,0.144063,0.118624,2.369182,0.546539,0.913325,0.973824,0.197074,1.100941,0.113970,0.336977
baseline_degree_mix_mass_6_SF_10_HY_10_2_12_L2_drop0.3_E50_S3,0.277617,0.032563,0.051584,0.013313,0.034560,0.016469,0.365228,0.155045,0.189665,0.260273,0.285161,4.219037,1.193090,1.644034,1.880876,0.418916,2.130314,0.211252,0.703737
baseline_degree_mix_mass_6_SF_10_HY_10_2_12_L2_drop0.3_E50_S4,0.274543,0.032284,0.052125,0.013798,0.034643,0.016340,0.360059,0.153420,0.190252,0.272767,0.285091,4.279847,1.196333,1.632012,1.874758,0.423328,2.136081,0.212628,0.708499
baseline_degree_mix_mass_6_SF_10_HY_10_2_12_L2_drop0.3_E50_S5,0.380208,0.041275,0.067855,0.014349,0.040283,0.018984,0.465319,0.189652,0.234045,0.339955,0.358811,6.225610,1.676907,2.352962,2.749278,0.561389,3.063335,0.265966,0.944942
baseline_degree_mix_mass_6_SF_10_HY_10_2_12_L2_drop0.3_E50_S1,0.057732,0.006804,0.009094,0.005275,0.008729,0.006105,0.094500,0.033188,0.043579,0.060616,0.061005,1.594102,0.367507,0.619073,0.649088,0.115100,0.767469,0.043712,0.233192
baseline_degree_mix_mass_6_SF_10_HY_10_2_12_L2_drop0.3_E60_S3,0.288881,0.032782,0.052137,0.013284,0.034853,0.016383,0.485933,0.151250,0.191427,0.266932,0.281785,4.306005,1.353907,1.757592,1.888108,0.427611,2.184768,0.209193,0.740631
baseline_degree_mix_mass_6_SF_10_HY_10_2_12_L2_drop0.3_E70_S5,0.139564,0.015812,0.026840,0.008004,0.017867,0.009750,0.160320,0.080269,0.099617,0.144059,0.118804,2.318855,0.549054,0.914658,0.973721,0.197687,1.101634,0.114101,0.337077
baseline_degree_mix_mass_6_SF_10_HY_10_2_12_L2_drop0.3_E90_S1,0.057677,0.007961,0.009153,0.004877,0.008451,0.005416,0.092577,0.031101,0.041411,0.060703,0.060944,1.592489,0.367501,0.618168,0.646557,0.114448,0.762575,0.043684,0.231736
baseline_degree_mix_mass_6_SF_10_HY_10_2_12_L2_drop0.3_E80_S4,0.140167,0.015813,0.026932,0.008092,0.017896,0.009904,0.161547,0.081624,0.100565,0.144049,0.117283,2.352488,0.547723,0.913026,0.973676,0.196572,1.100788,0.114033,0.337924
baseline_degree_mix_mass_6_SF_10_HY_10_2_12_L2_drop0.3_E80_S1,0.199108,0.025676,0.040353,0.009792,0.025622,0.012621,0.233672,0.116450,0.142436,0.203624,0.169262,3.124318,0.792898,1.281620,1.352453,0.291154,1.557924,0.168285,0.497738
baseline_degree_mix_mass_6_SF_10_HY_10_2_12_L2_drop0.3_E80_S3,0.200571,0.024570,0.040349,0.009704,0.025496,0.012680,0.236746,0.115415,0.137803,0.197274,0.169258,3.141837,0.794234,1.284421,1.354960,0.287977,1.553209,0.166662,0.495142
baseline_degree_mix_mass_6_SF_10_HY_10_2_12_L2_drop0.3_E80_S5,0.205646,0.024622,0.040375,0.009858,0.025604,0.012810,0.234591,0.115541,0.142399,0.208427,0.169327,3.134687,0.787096,1.278193,1.347743,0.286463,1.563905,0.162749,0.491869
baseline_degree_mix_mass_6_SF_10_HY_10_2_12_L2_drop0.3_E70_S3,0.141793,0.019827,0.026810,0.008090,0.018058,0.010057,0.161843,0.080078,0.099696,0.146101,0.116583,2.338555,0.546410,0.913070,0.973903,0.197073,1.100755,0.115835,0.336078
baseline_degree_mix_mass_6_SF_10_HY_10_2_12_L2_drop0.3_E70_S4,0.057667,0.006695,0.009015,0.004874,0.008494,0.005451,0.092551,0.031049,0.042592,0.060670,0.061007,1.621669,0.368023,0.617959,0.646865,0.114470,0.762169,0.043556,0.231977
baseline_degree_mix_mass_6_SF_10_HY_10_2_12_L2_drop0.3_E100_S1,0.139526,0.016039,0.026932,0.008031,0.017873,0.009928,0.161134,0.080203,0.099685,0.145457,0.118099,2.280931,0.547688,0.913752,0.973671,0.196547,1.099496,0.113976,0.340831
baseline_degree_mix_mass_6_SF_10_HY_10_2_12_L2_drop0.3_E70_S1,0.057672,0.006788,0.009300,0.005303,0.008821,0.005983,0.094434,0.031141,0.041392,0.060595,0.060927,1.629050,0.367968,0.617835,0.646187,0.115145,0.763234,0.043606,0.232051
baseline_degree_mix_mass_6_SF_10_HY_10_2_12_L2_drop0.3_E90_S2,0.380354,0.042459,0.068231,0.015633,0.040964,0.019982,0.466269,0.191463,0.230141,0.344284,0.355311,6.233742,1.681223,2.356477,2.755980,0.562092,3.063420,0.269279,0.942626
baseline_degree_mix_mass_6_SF_10_HY_10_2_12_L2_drop0.3_E60_S5,0.139360,0.015952,0.026842,0.008102,0.017975,0.009770,0.160908,0.081779,0.099646,0.144460,0.117293,2.325088,0.546275,0.914224,0.973774,0.197641,1.103185,0.113998,0.336538
baseline_degree_mix_mass_6_SF_10_HY_10_2_12_L2_drop0.3_E100_S4,0.197888,0.024994,0.040470,0.009933,0.025630,0.012736,0.236897,0.115723,0.142533,0.209426,0.169118,3.140324,0.791612,1.281837,1.347283,0.291411,1.560742,0.165053,0.492640
baseline_degree_mix_mass_6_SF_10_HY_10_2_12_L2_drop0.3_E80_S2,0.057736,0.006706,0.009029,0.004923,0.008586,0.005501,0.092630,0.031082,0.041458,0.060630,0.061039,1.601181,0.367430,0.617939,0.647840,0.114401,0.762208,0.043638,0.232067
baseline_degree_mix_mass_6_SF_10_HY_10_2_12_L2_drop0.3_E70_S2,0.202777,0.024594,0.040367,0.009760,0.025517,0.012597,0.236890,0.115601,0.142486,0.205436,0.169295,3.144890,0.789715,1.278368,1.357556,0.291794,1.553405,0.168305,0.492018
baseline_degree_mix_mass_6_SF_10_HY_10_2_12_L2_drop0.3_E100_S5,0.201926,0.024524,0.040391,0.009840,0.025503,0.012575,0.236853,0.115540,0.142479,0.208415,0.169460,3.120572,0.791476,1.277175,1.354129,0.292907,1.561829,0.168344,0.496294
baseline_degree_mix_mass_6_SF_10_HY_10_2_12_L2_drop0.3_E90_S5,0.275996,0.032319,0.051260,0.013474,0.034903,0.016235,0.348310,0.153023,0.184758,0.272249,0.278098,4.275010,1.192598,1.640410,1.875609,0.422546,2.181245,0.204773,0.704413
baseline_degree_mix_mass_6_SF_10_HY_10_2_12_L2_drop0.3_E100_S2,0.208711,0.024570,0.040452,0.009729,0.025560,0.012574,0.232843,0.115547,0.142499,0.208417,0.169041,3.150705,0.792328,1.280788,1.349326,0.288353,1.560403,0.168314,0.492890
baseline_degree_mix_mass_6_SF_10_HY_10_2_12_L2_drop0.3_E100_S3,0.208776,0.024463,0.040295,0.009697,0.025531,0.012517,0.237097,0.115394,0.142505,0.196861,0.169349,3.098833,0.791975,1.286425,1.350229,0.288807,1.559811,0.168190,0.491924
baseline_degree_mix_mass_6_SF_10_HY_10_2_12_L2_drop0.3_E90_S3,0.204086,0.024527,0.040306,0.009678,0.025466,0.012523,0.237155,0.115423,0.142563,0.208070,0.169315,3.115433,0.792680,1.282118,1.350483,0.291167,1.557335,0.163944,0.485638
baseline_degree_mix_independent_2_SF_10_HY_10_2_12_L2_drop0.3_S2,0.036642,0.004338,0.005519,0.003546,0.006855,0.004097,0.069789,0.025370,0.034769,0.051079,0.052245,0.913122,0.221395,0.327302,0.340854,0.078045,0.421652,0.031960,0.151439
baseline_degree_mix_independent_3_SF_10_HY_10_2_12_L2_drop0.3_S4,0.041825,0.004897,0.006329,0.003832,0.007169,0.004283,0.074645,0.027013,0.036465,0.053607,0.054274,1.105978,0.257368,0.400285,0.417634,0.087154,0.504444,0.034919,0.170797
baseline_degree_mix_independent_4_SF_10_HY_10_2_12_L2_drop0.3_S1,0.167889,0.019528,0.031514,0.008300,0.022716,0.011043,0.195207,0.100780,0.125024,0.179050,0.144124,2.449779,0.636826,0.992830,1.042228,0.239367,1.206797,0.140970,0.399350
baseline_degree_mix_independent_2_SF_10_HY_10_2_12_L2_drop0.3_S1,0.182924,0.019118,0.029060,0.008983,0.026495,0.012498,0.267299,0.116892,0.144591,0.206345,0.227647,2.443930,0.798255,0.876256,1.059660,0.299354,1.256603,0.143839,0.494530
baseline_degree_mix_independent_1_SF_10_HY_10_2_12_L2_drop0.3_S3,0.213440,0.022426,0.033463,0.010996,0.035255,0.016602,0.364135,0.149681,0.192285,0.262380,0.309797,2.851346,0.907421,1.018981,1.179027,0.393331,1.431336,0.185439,0.653004
baseline_degree_mix_independent_2_SF_10_HY_10_2_12_L2_drop0.3_S4,0.178488,0.019128,0.029436,0.009073,0.026492,0.014104,0.267261,0.117000,0.143750,0.209763,0.217894,2.530392,0.789997,0.892655,1.073147,0.291307,1.256837,0.142244,0.498381
baseline_degree_mix_independent_1_SF_10_HY_10_2_12_L2_drop0.3_S1,0.202712,0.019143,0.029957,0.010148,0.029451,0.012964,0.304046,0.124979,0.153236,0.222331,0.256500,2.842184,0.929493,0.993765,1.242362,0.335177,1.449703,0.149528,0.566934
baseline_degree_mix_independent_1_SF_10_HY_10_2_12_L2_drop0.3_S2,0.258893,0.085836,0.029978,0.008829,0.029057,0.013044,0.377131,0.125142,0.154572,0.230570,0.252281,2.869855,0.931977,0.993556,1.232836,0.332270,1.441909,0.149538,0.564718
baseline_degree_mix_independent_1_SF_10_HY_10_2_12_L2_drop0.3_S5,0.158284,0.015671,0.023358,0.008238,0.024247,0.011668,0.242936,0.105658,0.132909,0.190103,0.209040,1.978560,0.679226,0.705254,0.855729,0.263756,1.035785,0.125008,0.446874
baseline_degree_mix_independent_2_SF_10_HY_10_2_12_L2_drop0.3_S3,0.180732,0.019091,0.028985,0.009040,0.026478,0.012619,0.257782,0.116362,0.145167,0.204000,0.221051,2.404515,0.778159,0.888821,1.076493,0.296278,1.236063,0.140019,0.491350
baseline_degree_mix_independent_4_SF_10_HY_10_2_12_L2_drop0.3_S4,0.047078,0.005443,0.007148,0.004062,0.007621,0.004631,0.081698,0.028222,0.038069,0.055808,0.056388,1.271273,0.294288,0.472973,0.493593,0.096294,0.590217,0.037815,0.190552
baseline_degree_mix_mass_6_SF_10_HY_10_2_12_L2_drop0.3_S3,0.140467,0.016074,0.026842,0.008077,0.017769,0.009917,0.160382,0.080118,0.099676,0.144116,0.118139,2.366410,0.545660,0.913528,0.975359,0.196985,1.099639,0.113995,0.336399
baseline_degree_mix_independent_3_SF_10_HY_10_2_12_L2_drop0.3_S2,0.151320,0.016945,0.027058,0.007527,0.021494,0.010320,0.176708,0.093979,0.117064,0.170634,0.134095,2.106453,0.554915,0.841289,0.891048,0.213056,1.033262,0.128845,0.360062
baseline_degree_mix_independent_3_SF_10_HY_10_2_12_L2_drop0.3_S1,0.101543,0.011152,0.018241,0.006294,0.015314,0.008170,0.123799,0.065404,0.082263,0.116929,0.094074,1.598454,0.380064,0.598030,0.641697,0.143403,0.728432,0.086672,0.245540
baseline_degree_mix_independent_5_SF_10_HY_10_2_12_L2_drop0.3_S3,0.052306,0.006049,0.008099,0.005151,0.008040,0.005645,0.086602,0.029619,0.039680,0.059322,0.058537,1.477306,0.330835,0.545129,0.569932,0.105368,0.679792,0.040640,0.211904
baseline_degree_mix_independent_3_SF_10_HY_10_2_12_L2_drop0.3_S3,0.271564,0.028163,0.045195,0.011330,0.032359,0.015432,0.370220,0.152446,0.183490,0.271014,0.294523,4.294097,1.228077,1.540300,1.850029,0.426446,2.095463,0.194407,0.716199
baseline_degree_mix_independent_1_SF_10_HY_10_2_12_L2_drop0.3_S4,0.152166,0.015628,0.023227,0.008450,0.024102,0.011503,0.245407,0.105884,0.131420,0.188478,0.212353,2.048248,0.684762,0.707021,0.867661,0.263186,1.023610,0.125345,0.446944
baseline_degree_mix_independent_5_SF_10_HY_10_2_12_L2_drop0.3_S1,0.251369,0.029160,0.046212,0.011995,0.032511,0.015265,0.333815,0.144752,0.178785,0.253669,0.262576,3.790909,1.085058,1.445774,1.668518,0.385878,1.909850,0.192676,0.650765
baseline_degree_mix_independent_4_SF_10_HY_10_2_12_L2_drop0.3_S5,0.309615,0.033037,0.052649,0.013023,0.034686,0.016527,0.404284,0.165441,0.198780,0.295873,0.316340,4.914407,1.383519,1.807713,2.139813,0.463530,2.407282,0.218864,0.787768
baseline_degree_mix_independent_5_SF_10_HY_10_2_12_L2_drop0.3_S4,0.347914,0.041179,0.065067,0.015845,0.046576,0.021980,0.490208,0.201319,0.243978,0.359646,0.383575,5.474890,1.482824,2.107358,2.372820,0.563913,2.726988,0.280959,0.942014
baseline_degree_mix_independent_6_SF_10_HY_10_2_12_L2_drop0.3_S4,0.139297,0.015755,0.026705,0.007898,0.017796,0.009831,0.161363,0.079794,0.099290,0.144940,0.116571,2.382802,0.545716,0.912852,0.973176,0.196156,1.100224,0.114836,0.337533
baseline_degree_mix_independent_3_SF_10_HY_10_2_12_L2_drop0.3_S5,0.147225,0.017033,0.027154,0.007765,0.021430,0.010498,0.179041,0.093760,0.117143,0.168925,0.133810,2.093693,0.558921,0.841079,0.883622,0.210241,1.035125,0.127794,0.358390
baseline_degree_mix_independent_6_SF_10_HY_10_2_12_L2_drop0.3_S2,0.201710,0.024571,0.040369,0.009765,0.025569,0.013298,0.235507,0.115250,0.141997,0.195932,0.166967,3.137301,0.790912,1.280213,1.351465,0.284813,1.553937,0.168104,0.493679
baseline_degree_mix_independent_2_SF_10_HY_10_2_12_L2_drop0.3_S5,0.131032,0.014413,0.022659,0.006931,0.020082,0.009631,0.160408,0.086688,0.108508,0.154435,0.123293,1.717446,0.473996,0.695275,0.734553,0.185086,0.860621,0.114092,0.315120
baseline_degree_mix_independent_5_SF_10_HY_10_2_12_L2_drop0.3_S5,0.252806,0.028907,0.045761,0.011906,0.032398,0.015237,0.333951,0.143576,0.178982,0.254882,0.268068,3.794029,1.089305,1.445913,1.668813,0.386227,1.904605,0.194996,0.659536
baseline_degree_mix_independent_4_SF_10_HY_10_2_12_L2_drop0.3_S2,0.099006,0.011948,0.018572,0.007905,0.015681,0.009061,0.112838,0.062169,0.077806,0.112177,0.082927,1.608513,0.364928,0.598963,0.641860,0.135299,0.720754,0.084910,0.230238
baseline_degree_mix_independent_7_SF_10_HY_10_2_12_L2_drop0.3_S1,0.216707,0.026944,0.044731,0.010499,0.027015,0.013264,0.259452,0.122310,0.149115,0.219581,0.182368,3.501713,0.875464,1.437132,1.507071,0.312965,1.735433,0.181234,0.541076
baseline_degree_mix_independent_7_SF_10_HY_10_2_12_L2_drop0.3_S5,0.063077,0.007431,0.010135,0.005809,0.009404,0.006362,0.099081,0.032509,0.042982,0.062812,0.063071,1.827083,0.405165,0.690512,0.723063,0.124348,0.853158,0.046901,0.253072
baseline_degree_mix_independent_7_SF_10_HY_10_2_12_L2_drop0.3_S3,0.216880,0.026968,0.044753,0.010319,0.027068,0.013152,0.256492,0.122388,0.150101,0.213524,0.182203,3.502345,0.878795,1.432412,1.507395,0.314119,1.733047,0.174354,0.540411
baseline_degree_mix_independent_8_SF_10_HY_10_2_12_L2_drop0.3_S1,0.166866,0.019123,0.032410,0.008626,0.022858,0.010666,0.189763,0.090463,0.112015,0.163895,0.134753,2.830127,0.659376,1.125013,1.197229,0.235977,1.350784,0.132859,0.401251
baseline_degree_mix_independent_3_SF_10_HY_10_2_12_L2_drop0.3_S5,0.100533,0.011215,0.018286,0.006147,0.015115,0.007885,0.121104,0.065200,0.082113,0.116859,0.092283,1.530575,0.379952,0.599813,0.643218,0.143136,0.728693,0.086651,0.245698
baseline_degree_mix_independent_8_SF_10_HY_10_2_12_L2_drop0.3_S2,0.235298,0.029408,0.049113,0.011173,0.028691,0.014001,0.279001,0.130477,0.160599,0.228057,0.196414,3.900752,0.959390,1.577242,1.661300,0.347428,1.908974,0.187113,0.586999
baseline_degree_mix_independent_6_SF_10_HY_10_2_12_L2_drop0.3_S5,0.371848,0.041188,0.067741,0.015204,0.040192,0.018709,0.469903,0.192559,0.231286,0.338900,0.357903,6.277349,1.678880,2.390482,2.743318,0.565574,3.057541,0.259748,0.943178
baseline_degree_mix_independent_6_SF_10_HY_10_2_12_L2_drop0.3_S3,3.714627,0.050819,0.116200,0.012962,0.034934,0.016224,0.374107,0.152902,0.210274,0.272127,0.423681,4.425517,1.367868,1.795617,1.966821,0.426130,2.305820,0.212806,0.708461
baseline_degree_mix_independent_7_SF_10_HY_10_2_12_L2_drop0.3_S4,0.618153,0.046776,0.124767,0.014568,0.042979,0.019922,0.594520,0.206716,0.247995,0.578974,0.542994,7.300410,2.212017,3.033047,3.143253,0.632711,3.459735,0.288901,1.046300
baseline_degree_mix_independent_5_SF_10_HY_10_2_12_L2_drop0.3_S2,0.188439,0.021941,0.035857,0.009075,0.023978,0.011839,0.214379,0.107505,0.132960,0.183636,0.156560,2.783108,0.710255,1.134331,1.196094,0.263068,1.382151,0.153874,0.447907
baseline_degree_mix_independent_7_SF_10_HY_10_2_12_L2_drop0.3_S2,0.228896,0.027046,0.044738,0.010381,0.027009,0.013235,0.258118,0.122685,0.151391,0.208714,0.182173,3.543037,0.876902,1.426239,1.501845,0.317561,1.735925,0.181461,0.532741
baseline_degree_mix_independent_4_SF_10_HY_10_2_12_L2_drop0.3_S3,0.230067,0.026988,0.041577,0.012314,0.031196,0.015546,0.309231,0.135906,0.165578,0.240548,0.256181,3.516115,1.268415,1.372652,1.476299,0.364365,1.693886,0.191465,0.606625
baseline_degree_mix_independent_9_SF_10_HY_10_2_12_L2_drop0.3_S5,0.178993,0.020466,0.035286,0.009345,0.020820,0.011190,0.202041,0.095713,0.118199,0.172884,0.145516,3.371598,0.716228,1.230418,1.309094,0.254982,1.475991,0.142170,0.432300
baseline_degree_mix_independent_8_SF_10_HY_10_2_12_L2_drop0.3_S3,0.239142,0.029505,0.049233,0.011129,0.028708,0.014020,0.274010,0.130830,0.160666,0.222787,0.193918,3.885107,0.955554,1.576527,1.658405,0.344192,1.916915,0.187741,0.586765
baseline_degree_mix_independent_9_SF_10_HY_10_2_12_L2_drop0.3_S1,0.485872,0.059538,0.096370,0.019100,0.057368,0.027242,0.617973,0.240827,0.307347,0.442127,0.461999,8.195201,2.216706,3.269151,3.562444,0.762177,4.007299,0.391000,1.258675
baseline_degree_mix_independent_9_SF_10_HY_10_2_12_L2_drop0.3_S3,0.180934,0.021420,0.035556,0.009877,0.021035,0.011685,0.203498,0.095725,0.120728,0.172817,0.143595,3.110094,0.715602,1.229760,1.308191,0.254187,1.475025,0.142103,0.432933
baseline_degree_mix_independent_10_SF_10_HY_10_2_12_L2_drop0.3_S2,0.192357,0.022471,0.038711,0.010595,0.022264,0.012275,0.219631,0.101042,0.125754,0.184270,0.151983,3.394363,0.773743,1.336310,1.419914,0.272016,1.600281,0.151615,0.462839
baseline_degree_mix_independent_8_SF_10_HY_10_2_12_L2_drop0.3_S4,0.238099,0.029334,0.049058,0.011138,0.028461,0.015235,0.277289,0.126955,0.161508,0.223191,0.193090,3.891571,0.959825,1.579871,1.662051,0.347192,1.912130,0.187708,0.588355
baseline_degree_mix_independent_8_SF_10_HY_10_2_12_L2_drop0.3_S5,0.448261,0.049986,0.083005,0.016073,0.045770,0.021201,0.538098,0.218739,0.264070,0.391603,0.402456,7.607291,1.990785,2.896629,3.346551,0.662801,3.720698,0.310736,1.102166
baseline_degree_mix_independent_10_SF_10_HY_10_2_12_L2_drop0.3_S3,0.523250,0.059767,0.099273,0.019383,0.051624,0.024044,0.608727,0.246020,0.297884,0.445830,0.445577,9.061784,2.308824,3.467077,3.983890,0.759242,4.396086,0.364676,1.274487
baseline_degree_mix_independent_10_SF_10_HY_10_2_12_L2_drop0.3_S5,0.383428,0.046344,0.074672,0.016096,0.043590,0.020456,0.453559,0.191440,0.237926,0.347993,0.341391,6.152591,1.616300,2.389406,2.702794,0.544053,3.030205,0.268798,0.929536
baseline_degree_mix_independent_10_SF_10_HY_10_2_12_L2_drop0.3_S1,0.192397,0.021900,0.038360,0.010348,0.021942,0.012231,0.215509,0.100949,0.124675,0.183948,0.152424,3.393768,0.772371,1.337693,1.419356,0.272196,1.599827,0.151337,0.464439
baseline_degree_mix_independent_10_SF_10_HY_10_2_12_L2_drop0.3_S4,0.381056,0.046618,0.075149,0.016895,0.043686,0.022300,0.454297,0.195895,0.233138,0.347934,0.349973,6.201389,1.620033,2.378371,2.692925,0.551083,3.032776,0.278861,0.924266
baseline_degree_mix_independent_9_SF_10_HY_10_2_12_L2_drop0.3_S4,0.260920,0.031791,0.053402,0.011572,0.030882,0.014471,0.296605,0.138426,0.174080,0.254913,0.210923,4.248193,1.040858,1.737940,1.826042,0.377790,2.091762,0.201895,0.639137
baseline_degree_mix_mass_6_SF_10_HY_10_2_12_L2_drop0.3_S1,0.268709,0.598397,6.068348
